-- phpMyAdmin SQL Dump
-- version 5.0.1
-- https://www.phpmyadmin.net/
--
-- Host: 127.0.0.1
-- Generation Time: Aug 15, 2020 at 08:24 AM
-- Server version: 10.4.11-MariaDB
-- PHP Version: 7.2.27

SET SQL_MODE = "NO_AUTO_VALUE_ON_ZERO";
SET AUTOCOMMIT = 0;
START TRANSACTION;
SET time_zone = "+00:00";


/*!40101 SET @OLD_CHARACTER_SET_CLIENT=@@CHARACTER_SET_CLIENT */;
/*!40101 SET @OLD_CHARACTER_SET_RESULTS=@@CHARACTER_SET_RESULTS */;
/*!40101 SET @OLD_COLLATION_CONNECTION=@@COLLATION_CONNECTION */;
/*!40101 SET NAMES utf8mb4 */;

--
-- Database: `csit`
--

-- --------------------------------------------------------

--
-- Table structure for table `admin`
--

CREATE TABLE `admin` (
  `id` int(11) NOT NULL,
  `fname` varchar(20) NOT NULL,
  `lname` varchar(20) NOT NULL,
  `email` varchar(50) NOT NULL,
  `pass` varchar(20) NOT NULL,
  `username` varchar(20) NOT NULL
) ENGINE=InnoDB DEFAULT CHARSET=utf8mb4;

--
-- Dumping data for table `admin`
--

INSERT INTO `admin` (`id`, `fname`, `lname`, `email`, `pass`, `username`) VALUES
(1, 'Mashhood', 'Ahmed', 'mashoodahmad50@gmail.com', 'admin', 'csit');

-- --------------------------------------------------------

--
-- Table structure for table `assigned_courses`
--

CREATE TABLE `assigned_courses` (
  `a_id` int(11) NOT NULL,
  `c_id` int(11) NOT NULL,
  `class` varchar(20) NOT NULL,
  `semester` varchar(10) NOT NULL,
  `section` varchar(10) NOT NULL,
  `session` varchar(20) NOT NULL,
  `t_id` int(11) NOT NULL
) ENGINE=InnoDB DEFAULT CHARSET=utf8mb4;

--
-- Dumping data for table `assigned_courses`
--

INSERT INTO `assigned_courses` (`a_id`, `c_id`, `class`, `semester`, `section`, `session`, `t_id`) VALUES
(8, 3, 'Regular', '8th', 'Both', 'Fall 2020', 2);

-- --------------------------------------------------------

--
-- Table structure for table `attendance`
--

CREATE TABLE `attendance` (
  `at_id` int(11) NOT NULL,
  `a_id` int(11) NOT NULL,
  `c_id` int(11) NOT NULL,
  `date` varchar(30) NOT NULL,
  `std_id` int(11) NOT NULL,
  `std_sec` varchar(20) NOT NULL,
  `std_sem` varchar(20) NOT NULL,
  `t_id` int(11) NOT NULL,
  `week` varchar(10) NOT NULL,
  `attendance` varchar(10) NOT NULL
) ENGINE=InnoDB DEFAULT CHARSET=utf8mb4;

--
-- Dumping data for table `attendance`
--

INSERT INTO `attendance` (`at_id`, `a_id`, `c_id`, `date`, `std_id`, `std_sec`, `std_sem`, `t_id`, `week`, `attendance`) VALUES
(13, 0, 3, '2020-02-04', 28, 'A', '8th', 2, 'Week 1', 'Absent'),
(14, 0, 3, '2020-02-04', 29, 'A', '8th', 2, 'Week 1', 'Present'),
(15, 0, 3, '2020-02-04', 30, 'A', '8th', 2, 'Week 1', 'Present'),
(16, 0, 3, '2020-02-04', 31, 'A', '8th', 2, 'Week 1', 'Present'),
(17, 0, 3, '2020-02-04', 32, 'A', '8th', 2, 'Week 1', 'Present'),
(18, 0, 3, '2020-02-04', 33, 'A', '8th', 2, 'Week 1', 'Present'),
(19, 0, 3, '2020-02-04', 34, 'A', '8th', 2, 'Week 1', 'Absent'),
(20, 0, 3, '2020-02-04', 35, 'A', '8th', 2, 'Week 1', 'Present'),
(21, 0, 3, '2020-02-04', 36, 'A', '8th', 2, 'Week 1', 'Absent'),
(22, 0, 3, '2020-02-04', 37, 'A', '8th', 2, 'Week 1', 'Absent'),
(23, 0, 3, '2020-02-04', 38, 'A', '8th', 2, 'Week 1', 'Absent'),
(24, 0, 3, '2020-02-04', 39, 'A', '8th', 2, 'Week 1', 'Present'),
(25, 0, 3, '2020-02-04', 40, 'A', '8th', 2, 'Week 1', 'Absent'),
(26, 0, 3, '2020-02-04', 41, 'A', '8th', 2, 'Week 1', 'Absent'),
(27, 0, 3, '2020-02-04', 42, 'A', '8th', 2, 'Week 1', 'Absent'),
(28, 0, 3, '2020-02-04', 43, 'A', '8th', 2, 'Week 1', 'Present'),
(29, 0, 3, '2020-02-04', 44, 'A', '8th', 2, 'Week 1', 'Absent'),
(30, 0, 3, '2020-02-04', 45, 'A', '8th', 2, 'Week 1', 'Absent'),
(31, 0, 3, '2020-02-04', 46, 'A', '8th', 2, 'Week 1', 'Present'),
(32, 0, 3, '2020-02-04', 47, 'A', '8th', 2, 'Week 1', 'Absent'),
(33, 0, 3, '2020-02-04', 48, 'A', '8th', 2, 'Week 1', 'Absent'),
(34, 0, 3, '2020-02-04', 49, 'A', '8th', 2, 'Week 1', 'Absent'),
(35, 0, 3, '2020-02-04', 50, 'A', '8th', 2, 'Week 1', 'Absent'),
(36, 0, 3, '2020-02-04', 51, 'A', '8th', 2, 'Week 1', 'Absent'),
(37, 0, 3, '2020-02-11', 28, 'A', '8th', 2, 'Week 2', 'Present'),
(38, 0, 3, '2020-02-11', 29, 'A', '8th', 2, 'Week 2', 'Present'),
(39, 0, 3, '2020-02-11', 30, 'A', '8th', 2, 'Week 2', 'Present'),
(40, 0, 3, '2020-02-11', 31, 'A', '8th', 2, 'Week 2', 'Present'),
(41, 0, 3, '2020-02-11', 32, 'A', '8th', 2, 'Week 2', 'Present'),
(42, 0, 3, '2020-02-11', 33, 'A', '8th', 2, 'Week 2', 'Present'),
(43, 0, 3, '2020-02-11', 34, 'A', '8th', 2, 'Week 2', 'Present'),
(44, 0, 3, '2020-02-11', 35, 'A', '8th', 2, 'Week 2', 'Present'),
(45, 0, 3, '2020-02-11', 36, 'A', '8th', 2, 'Week 2', 'Absent'),
(46, 0, 3, '2020-02-11', 37, 'A', '8th', 2, 'Week 2', 'Present'),
(47, 0, 3, '2020-02-11', 38, 'A', '8th', 2, 'Week 2', 'Present'),
(48, 0, 3, '2020-02-11', 39, 'A', '8th', 2, 'Week 2', 'Present'),
(49, 0, 3, '2020-02-11', 40, 'A', '8th', 2, 'Week 2', 'Present'),
(50, 0, 3, '2020-02-11', 41, 'A', '8th', 2, 'Week 2', 'Present'),
(51, 0, 3, '2020-02-11', 42, 'A', '8th', 2, 'Week 2', 'Present'),
(52, 0, 3, '2020-02-11', 43, 'A', '8th', 2, 'Week 2', 'Present'),
(53, 0, 3, '2020-02-11', 44, 'A', '8th', 2, 'Week 2', 'Present'),
(54, 0, 3, '2020-02-11', 45, 'A', '8th', 2, 'Week 2', 'Present'),
(55, 0, 3, '2020-02-11', 46, 'A', '8th', 2, 'Week 2', 'Present'),
(56, 0, 3, '2020-02-11', 47, 'A', '8th', 2, 'Week 2', 'Present'),
(57, 0, 3, '2020-02-11', 48, 'A', '8th', 2, 'Week 2', 'Present'),
(58, 0, 3, '2020-02-11', 49, 'A', '8th', 2, 'Week 2', 'Present'),
(59, 0, 3, '2020-02-11', 50, 'A', '8th', 2, 'Week 2', 'Present'),
(60, 0, 3, '2020-02-11', 51, 'A', '8th', 2, 'Week 2', 'Present'),
(61, 0, 3, '2020-02-18', 28, 'A', '8th', 2, 'Week 3', 'Present'),
(62, 0, 3, '2020-02-18', 29, 'A', '8th', 2, 'Week 3', 'Absent'),
(63, 0, 3, '2020-02-18', 30, 'A', '8th', 2, 'Week 3', 'Present'),
(64, 0, 3, '2020-02-18', 31, 'A', '8th', 2, 'Week 3', 'Present'),
(65, 0, 3, '2020-02-18', 32, 'A', '8th', 2, 'Week 3', 'Present'),
(66, 0, 3, '2020-02-18', 33, 'A', '8th', 2, 'Week 3', 'Present'),
(67, 0, 3, '2020-02-18', 34, 'A', '8th', 2, 'Week 3', 'Present'),
(68, 0, 3, '2020-02-18', 35, 'A', '8th', 2, 'Week 3', 'Present'),
(69, 0, 3, '2020-02-18', 36, 'A', '8th', 2, 'Week 3', 'Present'),
(70, 0, 3, '2020-02-18', 37, 'A', '8th', 2, 'Week 3', 'Present'),
(71, 0, 3, '2020-02-18', 38, 'A', '8th', 2, 'Week 3', 'Present'),
(72, 0, 3, '2020-02-18', 39, 'A', '8th', 2, 'Week 3', 'Present'),
(73, 0, 3, '2020-02-18', 40, 'A', '8th', 2, 'Week 3', 'Present'),
(74, 0, 3, '2020-02-18', 41, 'A', '8th', 2, 'Week 3', 'Present'),
(75, 0, 3, '2020-02-18', 42, 'A', '8th', 2, 'Week 3', 'Present'),
(76, 0, 3, '2020-02-18', 43, 'A', '8th', 2, 'Week 3', 'Present'),
(77, 0, 3, '2020-02-18', 44, 'A', '8th', 2, 'Week 3', 'Present'),
(78, 0, 3, '2020-02-18', 45, 'A', '8th', 2, 'Week 3', 'Present'),
(79, 0, 3, '2020-02-18', 46, 'A', '8th', 2, 'Week 3', 'Present'),
(80, 0, 3, '2020-02-18', 47, 'A', '8th', 2, 'Week 3', 'Present'),
(81, 0, 3, '2020-02-18', 48, 'A', '8th', 2, 'Week 3', 'Present'),
(82, 0, 3, '2020-02-18', 49, 'A', '8th', 2, 'Week 3', 'Present'),
(83, 0, 3, '2020-02-18', 50, 'A', '8th', 2, 'Week 3', 'Absent'),
(84, 0, 3, '2020-02-18', 51, 'A', '8th', 2, 'Week 3', 'Present'),
(85, 0, 3, '2020-02-25', 28, 'A', '8th', 2, 'Week 4', 'Absent'),
(86, 0, 3, '2020-02-25', 29, 'A', '8th', 2, 'Week 4', 'Present'),
(87, 0, 3, '2020-02-25', 30, 'A', '8th', 2, 'Week 4', 'Present'),
(88, 0, 3, '2020-02-25', 31, 'A', '8th', 2, 'Week 4', 'Present'),
(89, 0, 3, '2020-02-25', 32, 'A', '8th', 2, 'Week 4', 'Present'),
(90, 0, 3, '2020-02-25', 33, 'A', '8th', 2, 'Week 4', 'Present'),
(91, 0, 3, '2020-02-25', 34, 'A', '8th', 2, 'Week 4', 'Present'),
(92, 0, 3, '2020-02-25', 35, 'A', '8th', 2, 'Week 4', 'Present'),
(93, 0, 3, '2020-02-25', 36, 'A', '8th', 2, 'Week 4', 'Present'),
(94, 0, 3, '2020-02-25', 37, 'A', '8th', 2, 'Week 4', 'Present'),
(95, 0, 3, '2020-02-25', 38, 'A', '8th', 2, 'Week 4', 'Absent'),
(96, 0, 3, '2020-02-25', 39, 'A', '8th', 2, 'Week 4', 'Present'),
(97, 0, 3, '2020-02-25', 40, 'A', '8th', 2, 'Week 4', 'Present'),
(98, 0, 3, '2020-02-25', 41, 'A', '8th', 2, 'Week 4', 'Present'),
(99, 0, 3, '2020-02-25', 42, 'A', '8th', 2, 'Week 4', 'Present'),
(100, 0, 3, '2020-02-25', 43, 'A', '8th', 2, 'Week 4', 'Present'),
(101, 0, 3, '2020-02-25', 44, 'A', '8th', 2, 'Week 4', 'Present'),
(102, 0, 3, '2020-02-25', 45, 'A', '8th', 2, 'Week 4', 'Absent'),
(103, 0, 3, '2020-02-25', 46, 'A', '8th', 2, 'Week 4', 'Present'),
(104, 0, 3, '2020-02-25', 47, 'A', '8th', 2, 'Week 4', 'Present'),
(105, 0, 3, '2020-02-25', 48, 'A', '8th', 2, 'Week 4', 'Absent'),
(106, 0, 3, '2020-02-25', 49, 'A', '8th', 2, 'Week 4', 'Present'),
(107, 0, 3, '2020-02-25', 50, 'A', '8th', 2, 'Week 4', 'Present'),
(108, 0, 3, '2020-02-25', 51, 'A', '8th', 2, 'Week 4', 'Present'),
(109, 0, 3, '2020-03-04', 28, 'A', '8th', 2, 'Week 5', 'Absent'),
(110, 0, 3, '2020-03-04', 29, 'A', '8th', 2, 'Week 5', 'Present'),
(111, 0, 3, '2020-03-04', 30, 'A', '8th', 2, 'Week 5', 'Present'),
(112, 0, 3, '2020-03-04', 31, 'A', '8th', 2, 'Week 5', 'Present'),
(113, 0, 3, '2020-03-04', 32, 'A', '8th', 2, 'Week 5', 'Present'),
(114, 0, 3, '2020-03-04', 33, 'A', '8th', 2, 'Week 5', 'Present'),
(115, 0, 3, '2020-03-04', 34, 'A', '8th', 2, 'Week 5', 'Present'),
(116, 0, 3, '2020-03-04', 35, 'A', '8th', 2, 'Week 5', 'Present'),
(117, 0, 3, '2020-03-04', 36, 'A', '8th', 2, 'Week 5', 'Present'),
(118, 0, 3, '2020-03-04', 37, 'A', '8th', 2, 'Week 5', 'Present'),
(119, 0, 3, '2020-03-04', 38, 'A', '8th', 2, 'Week 5', 'Present'),
(120, 0, 3, '2020-03-04', 39, 'A', '8th', 2, 'Week 5', 'Present'),
(121, 0, 3, '2020-03-04', 40, 'A', '8th', 2, 'Week 5', 'Present'),
(122, 0, 3, '2020-03-04', 41, 'A', '8th', 2, 'Week 5', 'Present'),
(123, 0, 3, '2020-03-04', 42, 'A', '8th', 2, 'Week 5', 'Present'),
(124, 0, 3, '2020-03-04', 43, 'A', '8th', 2, 'Week 5', 'Present'),
(125, 0, 3, '2020-03-04', 44, 'A', '8th', 2, 'Week 5', 'Present'),
(126, 0, 3, '2020-03-04', 45, 'A', '8th', 2, 'Week 5', 'Present'),
(127, 0, 3, '2020-03-04', 46, 'A', '8th', 2, 'Week 5', 'Present'),
(128, 0, 3, '2020-03-04', 47, 'A', '8th', 2, 'Week 5', 'Present'),
(129, 0, 3, '2020-03-04', 48, 'A', '8th', 2, 'Week 5', 'Present'),
(130, 0, 3, '2020-03-04', 49, 'A', '8th', 2, 'Week 5', 'Absent'),
(131, 0, 3, '2020-03-04', 50, 'A', '8th', 2, 'Week 5', 'Absent'),
(132, 0, 3, '2020-03-04', 51, 'A', '8th', 2, 'Week 5', 'Present'),
(133, 0, 3, '2020-03-11', 28, 'A', '8th', 2, 'Week 6', 'Present'),
(134, 0, 3, '2020-03-11', 29, 'A', '8th', 2, 'Week 6', 'Present'),
(135, 0, 3, '2020-03-11', 30, 'A', '8th', 2, 'Week 6', 'Present'),
(136, 0, 3, '2020-03-11', 31, 'A', '8th', 2, 'Week 6', 'Present'),
(137, 0, 3, '2020-03-11', 32, 'A', '8th', 2, 'Week 6', 'Present'),
(138, 0, 3, '2020-03-11', 33, 'A', '8th', 2, 'Week 6', 'Present'),
(139, 0, 3, '2020-03-11', 34, 'A', '8th', 2, 'Week 6', 'Present'),
(140, 0, 3, '2020-03-11', 35, 'A', '8th', 2, 'Week 6', 'Present'),
(141, 0, 3, '2020-03-11', 36, 'A', '8th', 2, 'Week 6', 'Present'),
(142, 0, 3, '2020-03-11', 37, 'A', '8th', 2, 'Week 6', 'Present'),
(143, 0, 3, '2020-03-11', 38, 'A', '8th', 2, 'Week 6', 'Present'),
(144, 0, 3, '2020-03-11', 39, 'A', '8th', 2, 'Week 6', 'Present'),
(145, 0, 3, '2020-03-11', 40, 'A', '8th', 2, 'Week 6', 'Present'),
(146, 0, 3, '2020-03-11', 41, 'A', '8th', 2, 'Week 6', 'Present'),
(147, 0, 3, '2020-03-11', 42, 'A', '8th', 2, 'Week 6', 'Present'),
(148, 0, 3, '2020-03-11', 43, 'A', '8th', 2, 'Week 6', 'Absent'),
(149, 0, 3, '2020-03-11', 44, 'A', '8th', 2, 'Week 6', 'Present'),
(150, 0, 3, '2020-03-11', 45, 'A', '8th', 2, 'Week 6', 'Present'),
(151, 0, 3, '2020-03-11', 46, 'A', '8th', 2, 'Week 6', 'Present'),
(152, 0, 3, '2020-03-11', 47, 'A', '8th', 2, 'Week 6', 'Present'),
(153, 0, 3, '2020-03-11', 48, 'A', '8th', 2, 'Week 6', 'Present'),
(154, 0, 3, '2020-03-11', 49, 'A', '8th', 2, 'Week 6', 'Present'),
(155, 0, 3, '2020-03-11', 50, 'A', '8th', 2, 'Week 6', 'Present'),
(156, 0, 3, '2020-03-11', 51, 'A', '8th', 2, 'Week 6', 'Absent'),
(157, 0, 3, '2020-03-18', 28, 'A', '8th', 2, 'Week 7', 'Present'),
(158, 0, 3, '2020-03-18', 29, 'A', '8th', 2, 'Week 7', 'Present'),
(159, 0, 3, '2020-03-18', 30, 'A', '8th', 2, 'Week 7', 'Present'),
(160, 0, 3, '2020-03-18', 31, 'A', '8th', 2, 'Week 7', 'Present'),
(161, 0, 3, '2020-03-18', 32, 'A', '8th', 2, 'Week 7', 'Present'),
(162, 0, 3, '2020-03-18', 33, 'A', '8th', 2, 'Week 7', 'Present'),
(163, 0, 3, '2020-03-18', 34, 'A', '8th', 2, 'Week 7', 'Present'),
(164, 0, 3, '2020-03-18', 35, 'A', '8th', 2, 'Week 7', 'Present'),
(165, 0, 3, '2020-03-18', 36, 'A', '8th', 2, 'Week 7', 'Present'),
(166, 0, 3, '2020-03-18', 37, 'A', '8th', 2, 'Week 7', 'Present'),
(167, 0, 3, '2020-03-18', 38, 'A', '8th', 2, 'Week 7', 'Present'),
(168, 0, 3, '2020-03-18', 39, 'A', '8th', 2, 'Week 7', 'Present'),
(169, 0, 3, '2020-03-18', 40, 'A', '8th', 2, 'Week 7', 'Present'),
(170, 0, 3, '2020-03-18', 41, 'A', '8th', 2, 'Week 7', 'Present'),
(171, 0, 3, '2020-03-18', 42, 'A', '8th', 2, 'Week 7', 'Present'),
(172, 0, 3, '2020-03-18', 43, 'A', '8th', 2, 'Week 7', 'Present'),
(173, 0, 3, '2020-03-18', 44, 'A', '8th', 2, 'Week 7', 'Present'),
(174, 0, 3, '2020-03-18', 45, 'A', '8th', 2, 'Week 7', 'Present'),
(175, 0, 3, '2020-03-18', 46, 'A', '8th', 2, 'Week 7', 'Present'),
(176, 0, 3, '2020-03-18', 47, 'A', '8th', 2, 'Week 7', 'Present'),
(177, 0, 3, '2020-03-18', 48, 'A', '8th', 2, 'Week 7', 'Absent'),
(178, 0, 3, '2020-03-18', 49, 'A', '8th', 2, 'Week 7', 'Present'),
(179, 0, 3, '2020-03-18', 50, 'A', '8th', 2, 'Week 7', 'Present'),
(180, 0, 3, '2020-03-18', 51, 'A', '8th', 2, 'Week 7', 'Present'),
(181, 0, 3, '2020-03-25', 28, 'A', '8th', 2, 'Week 8', 'Present'),
(182, 0, 3, '2020-03-25', 29, 'A', '8th', 2, 'Week 8', 'Absent'),
(183, 0, 3, '2020-03-25', 30, 'A', '8th', 2, 'Week 8', 'Present'),
(184, 0, 3, '2020-03-25', 31, 'A', '8th', 2, 'Week 8', 'Present'),
(185, 0, 3, '2020-03-25', 32, 'A', '8th', 2, 'Week 8', 'Absent'),
(186, 0, 3, '2020-03-25', 33, 'A', '8th', 2, 'Week 8', 'Present'),
(187, 0, 3, '2020-03-25', 34, 'A', '8th', 2, 'Week 8', 'Present'),
(188, 0, 3, '2020-03-25', 35, 'A', '8th', 2, 'Week 8', 'Present'),
(189, 0, 3, '2020-03-25', 36, 'A', '8th', 2, 'Week 8', 'Present'),
(190, 0, 3, '2020-03-25', 37, 'A', '8th', 2, 'Week 8', 'Present'),
(191, 0, 3, '2020-03-25', 38, 'A', '8th', 2, 'Week 8', 'Present'),
(192, 0, 3, '2020-03-25', 39, 'A', '8th', 2, 'Week 8', 'Present'),
(193, 0, 3, '2020-03-25', 40, 'A', '8th', 2, 'Week 8', 'Present'),
(194, 0, 3, '2020-03-25', 41, 'A', '8th', 2, 'Week 8', 'Present'),
(195, 0, 3, '2020-03-25', 42, 'A', '8th', 2, 'Week 8', 'Present'),
(196, 0, 3, '2020-03-25', 43, 'A', '8th', 2, 'Week 8', 'Present'),
(197, 0, 3, '2020-03-25', 44, 'A', '8th', 2, 'Week 8', 'Present'),
(198, 0, 3, '2020-03-25', 45, 'A', '8th', 2, 'Week 8', 'Present'),
(199, 0, 3, '2020-03-25', 46, 'A', '8th', 2, 'Week 8', 'Present'),
(200, 0, 3, '2020-03-25', 47, 'A', '8th', 2, 'Week 8', 'Absent'),
(201, 0, 3, '2020-03-25', 48, 'A', '8th', 2, 'Week 8', 'Present'),
(202, 0, 3, '2020-03-25', 49, 'A', '8th', 2, 'Week 8', 'Absent'),
(203, 0, 3, '2020-03-25', 50, 'A', '8th', 2, 'Week 8', 'Present'),
(204, 0, 3, '2020-03-25', 51, 'A', '8th', 2, 'Week 8', 'Present'),
(205, 0, 3, '2020-04-22', 28, 'A', '8th', 2, 'Week 12', 'Present'),
(206, 0, 3, '2020-04-22', 29, 'A', '8th', 2, 'Week 12', 'Absent'),
(207, 0, 3, '2020-04-22', 30, 'A', '8th', 2, 'Week 12', 'Present'),
(208, 0, 3, '2020-04-22', 31, 'A', '8th', 2, 'Week 12', 'Present'),
(209, 0, 3, '2020-04-22', 32, 'A', '8th', 2, 'Week 12', 'Present'),
(210, 0, 3, '2020-04-22', 33, 'A', '8th', 2, 'Week 12', 'Present'),
(211, 0, 3, '2020-04-22', 34, 'A', '8th', 2, 'Week 12', 'Present'),
(212, 0, 3, '2020-04-22', 35, 'A', '8th', 2, 'Week 12', 'Present'),
(213, 0, 3, '2020-04-22', 36, 'A', '8th', 2, 'Week 12', 'Present'),
(214, 0, 3, '2020-04-22', 37, 'A', '8th', 2, 'Week 12', 'Absent'),
(215, 0, 3, '2020-04-22', 38, 'A', '8th', 2, 'Week 12', 'Present'),
(216, 0, 3, '2020-04-22', 39, 'A', '8th', 2, 'Week 12', 'Present'),
(217, 0, 3, '2020-04-22', 40, 'A', '8th', 2, 'Week 12', 'Present'),
(218, 0, 3, '2020-04-22', 41, 'A', '8th', 2, 'Week 12', 'Present'),
(219, 0, 3, '2020-04-22', 42, 'A', '8th', 2, 'Week 12', 'Present'),
(220, 0, 3, '2020-04-22', 43, 'A', '8th', 2, 'Week 12', 'Present'),
(221, 0, 3, '2020-04-22', 44, 'A', '8th', 2, 'Week 12', 'Present'),
(222, 0, 3, '2020-04-22', 45, 'A', '8th', 2, 'Week 12', 'Present'),
(223, 0, 3, '2020-04-22', 46, 'A', '8th', 2, 'Week 12', 'Present'),
(224, 0, 3, '2020-04-22', 47, 'A', '8th', 2, 'Week 12', 'Present'),
(225, 0, 3, '2020-04-22', 48, 'A', '8th', 2, 'Week 12', 'Present'),
(226, 0, 3, '2020-04-22', 49, 'A', '8th', 2, 'Week 12', 'Present'),
(227, 0, 3, '2020-04-22', 50, 'A', '8th', 2, 'Week 12', 'Present'),
(228, 0, 3, '2020-04-22', 51, 'A', '8th', 2, 'Week 12', 'Present'),
(229, 0, 3, '2020-08-29', 28, 'A', '8th', 2, 'Week 13', 'Present'),
(230, 0, 3, '2020-08-29', 29, 'A', '8th', 2, 'Week 13', 'Present'),
(231, 0, 3, '2020-08-29', 30, 'A', '8th', 2, 'Week 13', 'Present'),
(232, 0, 3, '2020-08-29', 31, 'A', '8th', 2, 'Week 13', 'Present'),
(233, 0, 3, '2020-08-29', 32, 'A', '8th', 2, 'Week 13', 'Present'),
(234, 0, 3, '2020-08-29', 33, 'A', '8th', 2, 'Week 13', 'Absent'),
(235, 0, 3, '2020-08-29', 34, 'A', '8th', 2, 'Week 13', 'Present'),
(236, 0, 3, '2020-08-29', 35, 'A', '8th', 2, 'Week 13', 'Present'),
(237, 0, 3, '2020-08-29', 36, 'A', '8th', 2, 'Week 13', 'Present'),
(238, 0, 3, '2020-08-29', 37, 'A', '8th', 2, 'Week 13', 'Absent'),
(239, 0, 3, '2020-08-29', 38, 'A', '8th', 2, 'Week 13', 'Present'),
(240, 0, 3, '2020-08-29', 39, 'A', '8th', 2, 'Week 13', 'Present'),
(241, 0, 3, '2020-08-29', 40, 'A', '8th', 2, 'Week 13', 'Present'),
(242, 0, 3, '2020-08-29', 41, 'A', '8th', 2, 'Week 13', 'Present'),
(243, 0, 3, '2020-08-29', 42, 'A', '8th', 2, 'Week 13', 'Present'),
(244, 0, 3, '2020-08-29', 43, 'A', '8th', 2, 'Week 13', 'Present'),
(245, 0, 3, '2020-08-29', 44, 'A', '8th', 2, 'Week 13', 'Present'),
(246, 0, 3, '2020-08-29', 45, 'A', '8th', 2, 'Week 13', 'Present'),
(247, 0, 3, '2020-08-29', 46, 'A', '8th', 2, 'Week 13', 'Present'),
(248, 0, 3, '2020-08-29', 47, 'A', '8th', 2, 'Week 13', 'Present'),
(249, 0, 3, '2020-08-29', 48, 'A', '8th', 2, 'Week 13', 'Present'),
(250, 0, 3, '2020-08-29', 49, 'A', '8th', 2, 'Week 13', 'Present'),
(251, 0, 3, '2020-08-29', 50, 'A', '8th', 2, 'Week 13', 'Present'),
(252, 0, 3, '2020-08-29', 51, 'A', '8th', 2, 'Week 13', 'Present'),
(253, 0, 3, '2020-05-06', 28, 'A', '8th', 2, 'Week 14', 'Present'),
(254, 0, 3, '2020-05-06', 29, 'A', '8th', 2, 'Week 14', 'Present'),
(255, 0, 3, '2020-05-06', 30, 'A', '8th', 2, 'Week 14', 'Present'),
(256, 0, 3, '2020-05-06', 31, 'A', '8th', 2, 'Week 14', 'Present'),
(257, 0, 3, '2020-05-06', 32, 'A', '8th', 2, 'Week 14', 'Present'),
(258, 0, 3, '2020-05-06', 33, 'A', '8th', 2, 'Week 14', 'Present'),
(259, 0, 3, '2020-05-06', 34, 'A', '8th', 2, 'Week 14', 'Present'),
(260, 0, 3, '2020-05-06', 35, 'A', '8th', 2, 'Week 14', 'Present'),
(261, 0, 3, '2020-05-06', 36, 'A', '8th', 2, 'Week 14', 'Present'),
(262, 0, 3, '2020-05-06', 37, 'A', '8th', 2, 'Week 14', 'Present'),
(263, 0, 3, '2020-05-06', 38, 'A', '8th', 2, 'Week 14', 'Absent'),
(264, 0, 3, '2020-05-06', 39, 'A', '8th', 2, 'Week 14', 'Present'),
(265, 0, 3, '2020-05-06', 40, 'A', '8th', 2, 'Week 14', 'Absent'),
(266, 0, 3, '2020-05-06', 41, 'A', '8th', 2, 'Week 14', 'Present'),
(267, 0, 3, '2020-05-06', 42, 'A', '8th', 2, 'Week 14', 'Present'),
(268, 0, 3, '2020-05-06', 43, 'A', '8th', 2, 'Week 14', 'Present'),
(269, 0, 3, '2020-05-06', 44, 'A', '8th', 2, 'Week 14', 'Absent'),
(270, 0, 3, '2020-05-06', 45, 'A', '8th', 2, 'Week 14', 'Present'),
(271, 0, 3, '2020-05-06', 46, 'A', '8th', 2, 'Week 14', 'Present'),
(272, 0, 3, '2020-05-06', 47, 'A', '8th', 2, 'Week 14', 'Present'),
(273, 0, 3, '2020-05-06', 48, 'A', '8th', 2, 'Week 14', 'Present'),
(274, 0, 3, '2020-05-06', 49, 'A', '8th', 2, 'Week 14', 'Present'),
(275, 0, 3, '2020-05-06', 50, 'A', '8th', 2, 'Week 14', 'Present'),
(276, 0, 3, '2020-05-06', 51, 'A', '8th', 2, 'Week 14', 'Present'),
(277, 0, 3, '2020-05-13', 28, 'A', '8th', 2, 'Week 15', 'Present'),
(278, 0, 3, '2020-05-13', 29, 'A', '8th', 2, 'Week 15', 'Present'),
(279, 0, 3, '2020-05-13', 30, 'A', '8th', 2, 'Week 15', 'Present'),
(280, 0, 3, '2020-05-13', 31, 'A', '8th', 2, 'Week 15', 'Present'),
(281, 0, 3, '2020-05-13', 32, 'A', '8th', 2, 'Week 15', 'Present'),
(282, 0, 3, '2020-05-13', 33, 'A', '8th', 2, 'Week 15', 'Present'),
(283, 0, 3, '2020-05-13', 34, 'A', '8th', 2, 'Week 15', 'Present'),
(284, 0, 3, '2020-05-13', 35, 'A', '8th', 2, 'Week 15', 'Present'),
(285, 0, 3, '2020-05-13', 36, 'A', '8th', 2, 'Week 15', 'Present'),
(286, 0, 3, '2020-05-13', 37, 'A', '8th', 2, 'Week 15', 'Present'),
(287, 0, 3, '2020-05-13', 38, 'A', '8th', 2, 'Week 15', 'Present'),
(288, 0, 3, '2020-05-13', 39, 'A', '8th', 2, 'Week 15', 'Present'),
(289, 0, 3, '2020-05-13', 40, 'A', '8th', 2, 'Week 15', 'Present'),
(290, 0, 3, '2020-05-13', 41, 'A', '8th', 2, 'Week 15', 'Absent'),
(291, 0, 3, '2020-05-13', 42, 'A', '8th', 2, 'Week 15', 'Present'),
(292, 0, 3, '2020-05-13', 43, 'A', '8th', 2, 'Week 15', 'Present'),
(293, 0, 3, '2020-05-13', 44, 'A', '8th', 2, 'Week 15', 'Absent'),
(294, 0, 3, '2020-05-13', 45, 'A', '8th', 2, 'Week 15', 'Present'),
(295, 0, 3, '2020-05-13', 46, 'A', '8th', 2, 'Week 15', 'Present'),
(296, 0, 3, '2020-05-13', 47, 'A', '8th', 2, 'Week 15', 'Present'),
(297, 0, 3, '2020-05-13', 48, 'A', '8th', 2, 'Week 15', 'Present'),
(298, 0, 3, '2020-05-13', 49, 'A', '8th', 2, 'Week 15', 'Present'),
(299, 0, 3, '2020-05-13', 50, 'A', '8th', 2, 'Week 15', 'Present'),
(300, 0, 3, '2020-05-13', 51, 'A', '8th', 2, 'Week 15', 'Present'),
(301, 0, 3, '2020-08-20', 28, 'A', '8th', 2, 'Week 16', 'Present'),
(302, 0, 3, '2020-08-20', 29, 'A', '8th', 2, 'Week 16', 'Absent'),
(303, 0, 3, '2020-08-20', 30, 'A', '8th', 2, 'Week 16', 'Present'),
(304, 0, 3, '2020-08-20', 31, 'A', '8th', 2, 'Week 16', 'Absent'),
(305, 0, 3, '2020-08-20', 32, 'A', '8th', 2, 'Week 16', 'Present'),
(306, 0, 3, '2020-08-20', 33, 'A', '8th', 2, 'Week 16', 'Present'),
(307, 0, 3, '2020-08-20', 34, 'A', '8th', 2, 'Week 16', 'Present'),
(308, 0, 3, '2020-08-20', 35, 'A', '8th', 2, 'Week 16', 'Present'),
(309, 0, 3, '2020-08-20', 36, 'A', '8th', 2, 'Week 16', 'Absent'),
(310, 0, 3, '2020-08-20', 37, 'A', '8th', 2, 'Week 16', 'Absent'),
(311, 0, 3, '2020-08-20', 38, 'A', '8th', 2, 'Week 16', 'Present'),
(312, 0, 3, '2020-08-20', 39, 'A', '8th', 2, 'Week 16', 'Absent'),
(313, 0, 3, '2020-08-20', 40, 'A', '8th', 2, 'Week 16', 'Absent'),
(314, 0, 3, '2020-08-20', 41, 'A', '8th', 2, 'Week 16', 'Present'),
(315, 0, 3, '2020-08-20', 42, 'A', '8th', 2, 'Week 16', 'Present'),
(316, 0, 3, '2020-08-20', 43, 'A', '8th', 2, 'Week 16', 'Present'),
(317, 0, 3, '2020-08-20', 44, 'A', '8th', 2, 'Week 16', 'Absent'),
(318, 0, 3, '2020-08-20', 45, 'A', '8th', 2, 'Week 16', 'Present'),
(319, 0, 3, '2020-08-20', 46, 'A', '8th', 2, 'Week 16', 'Present'),
(320, 0, 3, '2020-08-20', 47, 'A', '8th', 2, 'Week 16', 'Absent'),
(321, 0, 3, '2020-08-20', 48, 'A', '8th', 2, 'Week 16', 'Absent'),
(322, 0, 3, '2020-08-20', 49, 'A', '8th', 2, 'Week 16', 'Present'),
(323, 0, 3, '2020-08-20', 50, 'A', '8th', 2, 'Week 16', 'Present'),
(324, 0, 3, '2020-08-20', 51, 'A', '8th', 2, 'Week 16', 'Absent'),
(325, 0, 3, '2020-05-27', 28, 'A', '8th', 2, 'Week 17', 'Present'),
(326, 0, 3, '2020-05-27', 29, 'A', '8th', 2, 'Week 17', 'Present'),
(327, 0, 3, '2020-05-27', 30, 'A', '8th', 2, 'Week 17', 'Present'),
(328, 0, 3, '2020-05-27', 31, 'A', '8th', 2, 'Week 17', 'Present'),
(329, 0, 3, '2020-05-27', 32, 'A', '8th', 2, 'Week 17', 'Present'),
(330, 0, 3, '2020-05-27', 33, 'A', '8th', 2, 'Week 17', 'Absent'),
(331, 0, 3, '2020-05-27', 34, 'A', '8th', 2, 'Week 17', 'Present'),
(332, 0, 3, '2020-05-27', 35, 'A', '8th', 2, 'Week 17', 'Present'),
(333, 0, 3, '2020-05-27', 36, 'A', '8th', 2, 'Week 17', 'Present'),
(334, 0, 3, '2020-05-27', 37, 'A', '8th', 2, 'Week 17', 'Present'),
(335, 0, 3, '2020-05-27', 38, 'A', '8th', 2, 'Week 17', 'Present'),
(336, 0, 3, '2020-05-27', 39, 'A', '8th', 2, 'Week 17', 'Present'),
(337, 0, 3, '2020-05-27', 40, 'A', '8th', 2, 'Week 17', 'Present'),
(338, 0, 3, '2020-05-27', 41, 'A', '8th', 2, 'Week 17', 'Present'),
(339, 0, 3, '2020-05-27', 42, 'A', '8th', 2, 'Week 17', 'Present'),
(340, 0, 3, '2020-05-27', 43, 'A', '8th', 2, 'Week 17', 'Present'),
(341, 0, 3, '2020-05-27', 44, 'A', '8th', 2, 'Week 17', 'Present'),
(342, 0, 3, '2020-05-27', 45, 'A', '8th', 2, 'Week 17', 'Present'),
(343, 0, 3, '2020-05-27', 46, 'A', '8th', 2, 'Week 17', 'Absent'),
(344, 0, 3, '2020-05-27', 47, 'A', '8th', 2, 'Week 17', 'Absent'),
(345, 0, 3, '2020-05-27', 48, 'A', '8th', 2, 'Week 17', 'Present'),
(346, 0, 3, '2020-05-27', 49, 'A', '8th', 2, 'Week 17', 'Present'),
(347, 0, 3, '2020-05-27', 50, 'A', '8th', 2, 'Week 17', 'Present'),
(348, 0, 3, '2020-05-27', 51, 'A', '8th', 2, 'Week 17', 'Present'),
(349, 0, 3, '2020-02-04', 52, 'B', '8th', 2, 'Week 1', 'Present'),
(350, 0, 3, '2020-02-04', 53, 'B', '8th', 2, 'Week 1', 'Absent'),
(351, 0, 3, '2020-02-04', 54, 'B', '8th', 2, 'Week 1', 'Present'),
(352, 0, 3, '2020-02-04', 55, 'B', '8th', 2, 'Week 1', 'Absent'),
(353, 0, 3, '2020-02-04', 56, 'B', '8th', 2, 'Week 1', 'Absent'),
(354, 0, 3, '2020-02-04', 57, 'B', '8th', 2, 'Week 1', 'Absent'),
(355, 0, 3, '2020-02-04', 58, 'B', '8th', 2, 'Week 1', 'Present'),
(356, 0, 3, '2020-02-04', 59, 'B', '8th', 2, 'Week 1', 'Absent'),
(357, 0, 3, '2020-02-04', 60, 'B', '8th', 2, 'Week 1', 'Absent'),
(358, 0, 3, '2020-02-04', 61, 'B', '8th', 2, 'Week 1', 'Absent'),
(359, 0, 3, '2020-02-04', 62, 'B', '8th', 2, 'Week 1', 'Absent'),
(360, 0, 3, '2020-02-04', 63, 'B', '8th', 2, 'Week 1', 'Absent'),
(361, 0, 3, '2020-02-04', 64, 'B', '8th', 2, 'Week 1', 'Present'),
(362, 0, 3, '2020-02-04', 65, 'B', '8th', 2, 'Week 1', 'Present'),
(363, 0, 3, '2020-02-04', 66, 'B', '8th', 2, 'Week 1', 'Absent'),
(364, 0, 3, '2020-02-04', 67, 'B', '8th', 2, 'Week 1', 'Absent'),
(365, 0, 3, '2020-02-04', 68, 'B', '8th', 2, 'Week 1', 'Present'),
(366, 0, 3, '2020-02-04', 69, 'B', '8th', 2, 'Week 1', 'Absent'),
(367, 0, 3, '2020-02-04', 70, 'B', '8th', 2, 'Week 1', 'Absent'),
(368, 0, 3, '2020-02-04', 71, 'B', '8th', 2, 'Week 1', 'Present'),
(369, 0, 3, '2020-02-04', 72, 'B', '8th', 2, 'Week 1', 'Present'),
(370, 0, 3, '2020-02-04', 73, 'B', '8th', 2, 'Week 1', 'Absent'),
(371, 0, 3, '2020-02-11', 52, 'B', '8th', 2, 'Week 2', 'Present'),
(372, 0, 3, '2020-02-11', 53, 'B', '8th', 2, 'Week 2', 'Present'),
(373, 0, 3, '2020-02-11', 54, 'B', '8th', 2, 'Week 2', 'Present'),
(374, 0, 3, '2020-02-11', 55, 'B', '8th', 2, 'Week 2', 'Present'),
(375, 0, 3, '2020-02-11', 56, 'B', '8th', 2, 'Week 2', 'Present'),
(376, 0, 3, '2020-02-11', 57, 'B', '8th', 2, 'Week 2', 'Present'),
(377, 0, 3, '2020-02-11', 58, 'B', '8th', 2, 'Week 2', 'Present'),
(378, 0, 3, '2020-02-11', 59, 'B', '8th', 2, 'Week 2', 'Present'),
(379, 0, 3, '2020-02-11', 60, 'B', '8th', 2, 'Week 2', 'Present'),
(380, 0, 3, '2020-02-11', 61, 'B', '8th', 2, 'Week 2', 'Absent'),
(381, 0, 3, '2020-02-11', 62, 'B', '8th', 2, 'Week 2', 'Present'),
(382, 0, 3, '2020-02-11', 63, 'B', '8th', 2, 'Week 2', 'Present'),
(383, 0, 3, '2020-02-11', 64, 'B', '8th', 2, 'Week 2', 'Present'),
(384, 0, 3, '2020-02-11', 65, 'B', '8th', 2, 'Week 2', 'Present'),
(385, 0, 3, '2020-02-11', 66, 'B', '8th', 2, 'Week 2', 'Present'),
(386, 0, 3, '2020-02-11', 67, 'B', '8th', 2, 'Week 2', 'Present'),
(387, 0, 3, '2020-02-11', 68, 'B', '8th', 2, 'Week 2', 'Present'),
(388, 0, 3, '2020-02-11', 69, 'B', '8th', 2, 'Week 2', 'Present'),
(389, 0, 3, '2020-02-11', 70, 'B', '8th', 2, 'Week 2', 'Present'),
(390, 0, 3, '2020-02-11', 71, 'B', '8th', 2, 'Week 2', 'Present'),
(391, 0, 3, '2020-02-11', 72, 'B', '8th', 2, 'Week 2', 'Present'),
(392, 0, 3, '2020-02-11', 73, 'B', '8th', 2, 'Week 2', 'Present'),
(393, 0, 3, '2020-02-18', 52, 'B', '8th', 2, 'Week 3', 'Present'),
(394, 0, 3, '2020-02-18', 53, 'B', '8th', 2, 'Week 3', 'Present'),
(395, 0, 3, '2020-02-18', 54, 'B', '8th', 2, 'Week 3', 'Present'),
(396, 0, 3, '2020-02-18', 55, 'B', '8th', 2, 'Week 3', 'Present'),
(397, 0, 3, '2020-02-18', 56, 'B', '8th', 2, 'Week 3', 'Present'),
(398, 0, 3, '2020-02-18', 57, 'B', '8th', 2, 'Week 3', 'Present'),
(399, 0, 3, '2020-02-18', 58, 'B', '8th', 2, 'Week 3', 'Present'),
(400, 0, 3, '2020-02-18', 59, 'B', '8th', 2, 'Week 3', 'Absent'),
(401, 0, 3, '2020-02-18', 60, 'B', '8th', 2, 'Week 3', 'Present'),
(402, 0, 3, '2020-02-18', 61, 'B', '8th', 2, 'Week 3', 'Present'),
(403, 0, 3, '2020-02-18', 62, 'B', '8th', 2, 'Week 3', 'Present'),
(404, 0, 3, '2020-02-18', 63, 'B', '8th', 2, 'Week 3', 'Absent'),
(405, 0, 3, '2020-02-18', 64, 'B', '8th', 2, 'Week 3', 'Absent'),
(406, 0, 3, '2020-02-18', 65, 'B', '8th', 2, 'Week 3', 'Present'),
(407, 0, 3, '2020-02-18', 66, 'B', '8th', 2, 'Week 3', 'Present'),
(408, 0, 3, '2020-02-18', 67, 'B', '8th', 2, 'Week 3', 'Present'),
(409, 0, 3, '2020-02-18', 68, 'B', '8th', 2, 'Week 3', 'Present'),
(410, 0, 3, '2020-02-18', 69, 'B', '8th', 2, 'Week 3', 'Absent'),
(411, 0, 3, '2020-02-18', 70, 'B', '8th', 2, 'Week 3', 'Present'),
(412, 0, 3, '2020-02-18', 71, 'B', '8th', 2, 'Week 3', 'Present'),
(413, 0, 3, '2020-02-18', 72, 'B', '8th', 2, 'Week 3', 'Absent'),
(414, 0, 3, '2020-02-18', 73, 'B', '8th', 2, 'Week 3', 'Present'),
(415, 0, 3, '2020-02-25', 52, 'B', '8th', 2, 'Week 4', 'Present'),
(416, 0, 3, '2020-02-25', 53, 'B', '8th', 2, 'Week 4', 'Present'),
(417, 0, 3, '2020-02-25', 54, 'B', '8th', 2, 'Week 4', 'Present'),
(418, 0, 3, '2020-02-25', 55, 'B', '8th', 2, 'Week 4', 'Present'),
(419, 0, 3, '2020-02-25', 56, 'B', '8th', 2, 'Week 4', 'Present'),
(420, 0, 3, '2020-02-25', 57, 'B', '8th', 2, 'Week 4', 'Present'),
(421, 0, 3, '2020-02-25', 58, 'B', '8th', 2, 'Week 4', 'Absent'),
(422, 0, 3, '2020-02-25', 59, 'B', '8th', 2, 'Week 4', 'Present'),
(423, 0, 3, '2020-02-25', 60, 'B', '8th', 2, 'Week 4', 'Present'),
(424, 0, 3, '2020-02-25', 61, 'B', '8th', 2, 'Week 4', 'Present'),
(425, 0, 3, '2020-02-25', 62, 'B', '8th', 2, 'Week 4', 'Present'),
(426, 0, 3, '2020-02-25', 63, 'B', '8th', 2, 'Week 4', 'Present'),
(427, 0, 3, '2020-02-25', 64, 'B', '8th', 2, 'Week 4', 'Present'),
(428, 0, 3, '2020-02-25', 65, 'B', '8th', 2, 'Week 4', 'Present'),
(429, 0, 3, '2020-02-25', 66, 'B', '8th', 2, 'Week 4', 'Absent'),
(430, 0, 3, '2020-02-25', 67, 'B', '8th', 2, 'Week 4', 'Present'),
(431, 0, 3, '2020-02-25', 68, 'B', '8th', 2, 'Week 4', 'Present'),
(432, 0, 3, '2020-02-25', 69, 'B', '8th', 2, 'Week 4', 'Present'),
(433, 0, 3, '2020-02-25', 70, 'B', '8th', 2, 'Week 4', 'Present'),
(434, 0, 3, '2020-02-25', 71, 'B', '8th', 2, 'Week 4', 'Present'),
(435, 0, 3, '2020-02-25', 72, 'B', '8th', 2, 'Week 4', 'Absent'),
(436, 0, 3, '2020-02-25', 73, 'B', '8th', 2, 'Week 4', 'Present'),
(437, 0, 3, '2020-03-04', 52, 'B', '8th', 2, 'Week 5', 'Present'),
(438, 0, 3, '2020-03-04', 53, 'B', '8th', 2, 'Week 5', 'Present'),
(439, 0, 3, '2020-03-04', 54, 'B', '8th', 2, 'Week 5', 'Present'),
(440, 0, 3, '2020-03-04', 55, 'B', '8th', 2, 'Week 5', 'Present'),
(441, 0, 3, '2020-03-04', 56, 'B', '8th', 2, 'Week 5', 'Present'),
(442, 0, 3, '2020-03-04', 57, 'B', '8th', 2, 'Week 5', 'Present'),
(443, 0, 3, '2020-03-04', 58, 'B', '8th', 2, 'Week 5', 'Present'),
(444, 0, 3, '2020-03-04', 59, 'B', '8th', 2, 'Week 5', 'Absent'),
(445, 0, 3, '2020-03-04', 60, 'B', '8th', 2, 'Week 5', 'Absent'),
(446, 0, 3, '2020-03-04', 61, 'B', '8th', 2, 'Week 5', 'Present'),
(447, 0, 3, '2020-03-04', 62, 'B', '8th', 2, 'Week 5', 'Present'),
(448, 0, 3, '2020-03-04', 63, 'B', '8th', 2, 'Week 5', 'Absent'),
(449, 0, 3, '2020-03-04', 64, 'B', '8th', 2, 'Week 5', 'Present'),
(450, 0, 3, '2020-03-04', 65, 'B', '8th', 2, 'Week 5', 'Absent'),
(451, 0, 3, '2020-03-04', 66, 'B', '8th', 2, 'Week 5', 'Present'),
(452, 0, 3, '2020-03-04', 67, 'B', '8th', 2, 'Week 5', 'Present'),
(453, 0, 3, '2020-03-04', 68, 'B', '8th', 2, 'Week 5', 'Present'),
(454, 0, 3, '2020-03-04', 69, 'B', '8th', 2, 'Week 5', 'Present'),
(455, 0, 3, '2020-03-04', 70, 'B', '8th', 2, 'Week 5', 'Present'),
(456, 0, 3, '2020-03-04', 71, 'B', '8th', 2, 'Week 5', 'Present'),
(457, 0, 3, '2020-03-04', 72, 'B', '8th', 2, 'Week 5', 'Absent'),
(458, 0, 3, '2020-03-04', 73, 'B', '8th', 2, 'Week 5', 'Present'),
(459, 0, 3, '2020-03-11', 52, 'B', '8th', 2, 'Week 6', 'Absent'),
(460, 0, 3, '2020-03-11', 53, 'B', '8th', 2, 'Week 6', 'Present'),
(461, 0, 3, '2020-03-11', 54, 'B', '8th', 2, 'Week 6', 'Absent'),
(462, 0, 3, '2020-03-11', 55, 'B', '8th', 2, 'Week 6', 'Present'),
(463, 0, 3, '2020-03-11', 56, 'B', '8th', 2, 'Week 6', 'Present'),
(464, 0, 3, '2020-03-11', 57, 'B', '8th', 2, 'Week 6', 'Absent'),
(465, 0, 3, '2020-03-11', 58, 'B', '8th', 2, 'Week 6', 'Present'),
(466, 0, 3, '2020-03-11', 59, 'B', '8th', 2, 'Week 6', 'Present'),
(467, 0, 3, '2020-03-11', 60, 'B', '8th', 2, 'Week 6', 'Present'),
(468, 0, 3, '2020-03-11', 61, 'B', '8th', 2, 'Week 6', 'Present'),
(469, 0, 3, '2020-03-11', 62, 'B', '8th', 2, 'Week 6', 'Absent'),
(470, 0, 3, '2020-03-11', 63, 'B', '8th', 2, 'Week 6', 'Present'),
(471, 0, 3, '2020-03-11', 64, 'B', '8th', 2, 'Week 6', 'Present'),
(472, 0, 3, '2020-03-11', 65, 'B', '8th', 2, 'Week 6', 'Present'),
(473, 0, 3, '2020-03-11', 66, 'B', '8th', 2, 'Week 6', 'Present'),
(474, 0, 3, '2020-03-11', 67, 'B', '8th', 2, 'Week 6', 'Present'),
(475, 0, 3, '2020-03-11', 68, 'B', '8th', 2, 'Week 6', 'Present'),
(476, 0, 3, '2020-03-11', 69, 'B', '8th', 2, 'Week 6', 'Absent'),
(477, 0, 3, '2020-03-11', 70, 'B', '8th', 2, 'Week 6', 'Present'),
(478, 0, 3, '2020-03-11', 71, 'B', '8th', 2, 'Week 6', 'Present'),
(479, 0, 3, '2020-03-11', 72, 'B', '8th', 2, 'Week 6', 'Present'),
(480, 0, 3, '2020-03-11', 73, 'B', '8th', 2, 'Week 6', 'Present'),
(481, 0, 3, '2020-03-18', 52, 'B', '8th', 2, 'Week 7', 'Absent'),
(482, 0, 3, '2020-03-18', 53, 'B', '8th', 2, 'Week 7', 'Present'),
(483, 0, 3, '2020-03-18', 54, 'B', '8th', 2, 'Week 7', 'Present'),
(484, 0, 3, '2020-03-18', 55, 'B', '8th', 2, 'Week 7', 'Present'),
(485, 0, 3, '2020-03-18', 56, 'B', '8th', 2, 'Week 7', 'Present'),
(486, 0, 3, '2020-03-18', 57, 'B', '8th', 2, 'Week 7', 'Present'),
(487, 0, 3, '2020-03-18', 58, 'B', '8th', 2, 'Week 7', 'Present'),
(488, 0, 3, '2020-03-18', 59, 'B', '8th', 2, 'Week 7', 'Present'),
(489, 0, 3, '2020-03-18', 60, 'B', '8th', 2, 'Week 7', 'Absent'),
(490, 0, 3, '2020-03-18', 61, 'B', '8th', 2, 'Week 7', 'Absent'),
(491, 0, 3, '2020-03-18', 62, 'B', '8th', 2, 'Week 7', 'Present'),
(492, 0, 3, '2020-03-18', 63, 'B', '8th', 2, 'Week 7', 'Present'),
(493, 0, 3, '2020-03-18', 64, 'B', '8th', 2, 'Week 7', 'Present'),
(494, 0, 3, '2020-03-18', 65, 'B', '8th', 2, 'Week 7', 'Present'),
(495, 0, 3, '2020-03-18', 66, 'B', '8th', 2, 'Week 7', 'Present'),
(496, 0, 3, '2020-03-18', 67, 'B', '8th', 2, 'Week 7', 'Present'),
(497, 0, 3, '2020-03-18', 68, 'B', '8th', 2, 'Week 7', 'Present'),
(498, 0, 3, '2020-03-18', 69, 'B', '8th', 2, 'Week 7', 'Absent'),
(499, 0, 3, '2020-03-18', 70, 'B', '8th', 2, 'Week 7', 'Present'),
(500, 0, 3, '2020-03-18', 71, 'B', '8th', 2, 'Week 7', 'Present'),
(501, 0, 3, '2020-03-18', 72, 'B', '8th', 2, 'Week 7', 'Absent'),
(502, 0, 3, '2020-03-18', 73, 'B', '8th', 2, 'Week 7', 'Present'),
(503, 0, 3, '2020-03-25', 52, 'B', '8th', 2, 'Week 8', 'Present'),
(504, 0, 3, '2020-03-25', 53, 'B', '8th', 2, 'Week 8', 'Present'),
(505, 0, 3, '2020-03-25', 54, 'B', '8th', 2, 'Week 8', 'Absent'),
(506, 0, 3, '2020-03-25', 55, 'B', '8th', 2, 'Week 8', 'Present'),
(507, 0, 3, '2020-03-25', 56, 'B', '8th', 2, 'Week 8', 'Present'),
(508, 0, 3, '2020-03-25', 57, 'B', '8th', 2, 'Week 8', 'Present'),
(509, 0, 3, '2020-03-25', 58, 'B', '8th', 2, 'Week 8', 'Present'),
(510, 0, 3, '2020-03-25', 59, 'B', '8th', 2, 'Week 8', 'Present'),
(511, 0, 3, '2020-03-25', 60, 'B', '8th', 2, 'Week 8', 'Absent'),
(512, 0, 3, '2020-03-25', 61, 'B', '8th', 2, 'Week 8', 'Present'),
(513, 0, 3, '2020-03-25', 62, 'B', '8th', 2, 'Week 8', 'Present'),
(514, 0, 3, '2020-03-25', 63, 'B', '8th', 2, 'Week 8', 'Present'),
(515, 0, 3, '2020-03-25', 64, 'B', '8th', 2, 'Week 8', 'Present'),
(516, 0, 3, '2020-03-25', 65, 'B', '8th', 2, 'Week 8', 'Present'),
(517, 0, 3, '2020-03-25', 66, 'B', '8th', 2, 'Week 8', 'Present'),
(518, 0, 3, '2020-03-25', 67, 'B', '8th', 2, 'Week 8', 'Present'),
(519, 0, 3, '2020-03-25', 68, 'B', '8th', 2, 'Week 8', 'Present'),
(520, 0, 3, '2020-03-25', 69, 'B', '8th', 2, 'Week 8', 'Absent'),
(521, 0, 3, '2020-03-25', 70, 'B', '8th', 2, 'Week 8', 'Present'),
(522, 0, 3, '2020-03-25', 71, 'B', '8th', 2, 'Week 8', 'Present'),
(523, 0, 3, '2020-03-25', 72, 'B', '8th', 2, 'Week 8', 'Absent'),
(524, 0, 3, '2020-03-25', 73, 'B', '8th', 2, 'Week 8', 'Present'),
(525, 0, 3, '2020-04-22', 52, 'B', '8th', 2, 'Week 12', 'Present'),
(526, 0, 3, '2020-04-22', 53, 'B', '8th', 2, 'Week 12', 'Absent'),
(527, 0, 3, '2020-04-22', 54, 'B', '8th', 2, 'Week 12', 'Present'),
(528, 0, 3, '2020-04-22', 55, 'B', '8th', 2, 'Week 12', 'Present'),
(529, 0, 3, '2020-04-22', 56, 'B', '8th', 2, 'Week 12', 'Present'),
(530, 0, 3, '2020-04-22', 57, 'B', '8th', 2, 'Week 12', 'Present'),
(531, 0, 3, '2020-04-22', 58, 'B', '8th', 2, 'Week 12', 'Present'),
(532, 0, 3, '2020-04-22', 59, 'B', '8th', 2, 'Week 12', 'Present'),
(533, 0, 3, '2020-04-22', 60, 'B', '8th', 2, 'Week 12', 'Present'),
(534, 0, 3, '2020-04-22', 61, 'B', '8th', 2, 'Week 12', 'Present'),
(535, 0, 3, '2020-04-22', 62, 'B', '8th', 2, 'Week 12', 'Present'),
(536, 0, 3, '2020-04-22', 63, 'B', '8th', 2, 'Week 12', 'Present'),
(537, 0, 3, '2020-04-22', 64, 'B', '8th', 2, 'Week 12', 'Present'),
(538, 0, 3, '2020-04-22', 65, 'B', '8th', 2, 'Week 12', 'Present'),
(539, 0, 3, '2020-04-22', 66, 'B', '8th', 2, 'Week 12', 'Present'),
(540, 0, 3, '2020-04-22', 67, 'B', '8th', 2, 'Week 12', 'Present'),
(541, 0, 3, '2020-04-22', 68, 'B', '8th', 2, 'Week 12', 'Present'),
(542, 0, 3, '2020-04-22', 69, 'B', '8th', 2, 'Week 12', 'Present'),
(543, 0, 3, '2020-04-22', 70, 'B', '8th', 2, 'Week 12', 'Present'),
(544, 0, 3, '2020-04-22', 71, 'B', '8th', 2, 'Week 12', 'Present'),
(545, 0, 3, '2020-04-22', 72, 'B', '8th', 2, 'Week 12', 'Present'),
(546, 0, 3, '2020-04-22', 73, 'B', '8th', 2, 'Week 12', 'Present'),
(547, 0, 3, '2020-04-29', 52, 'B', '8th', 2, 'Week 13', 'Present'),
(548, 0, 3, '2020-04-29', 53, 'B', '8th', 2, 'Week 13', 'Present'),
(549, 0, 3, '2020-04-29', 54, 'B', '8th', 2, 'Week 13', 'Present'),
(550, 0, 3, '2020-04-29', 55, 'B', '8th', 2, 'Week 13', 'Present'),
(551, 0, 3, '2020-04-29', 56, 'B', '8th', 2, 'Week 13', 'Present'),
(552, 0, 3, '2020-04-29', 57, 'B', '8th', 2, 'Week 13', 'Present'),
(553, 0, 3, '2020-04-29', 58, 'B', '8th', 2, 'Week 13', 'Present'),
(554, 0, 3, '2020-04-29', 59, 'B', '8th', 2, 'Week 13', 'Present'),
(555, 0, 3, '2020-04-29', 60, 'B', '8th', 2, 'Week 13', 'Present'),
(556, 0, 3, '2020-04-29', 61, 'B', '8th', 2, 'Week 13', 'Present'),
(557, 0, 3, '2020-04-29', 62, 'B', '8th', 2, 'Week 13', 'Absent'),
(558, 0, 3, '2020-04-29', 63, 'B', '8th', 2, 'Week 13', 'Present'),
(559, 0, 3, '2020-04-29', 64, 'B', '8th', 2, 'Week 13', 'Present'),
(560, 0, 3, '2020-04-29', 65, 'B', '8th', 2, 'Week 13', 'Present'),
(561, 0, 3, '2020-04-29', 66, 'B', '8th', 2, 'Week 13', 'Absent'),
(562, 0, 3, '2020-04-29', 67, 'B', '8th', 2, 'Week 13', 'Present'),
(563, 0, 3, '2020-04-29', 68, 'B', '8th', 2, 'Week 13', 'Present'),
(564, 0, 3, '2020-04-29', 69, 'B', '8th', 2, 'Week 13', 'Absent'),
(565, 0, 3, '2020-04-29', 70, 'B', '8th', 2, 'Week 13', 'Present'),
(566, 0, 3, '2020-04-29', 71, 'B', '8th', 2, 'Week 13', 'Present'),
(567, 0, 3, '2020-04-29', 72, 'B', '8th', 2, 'Week 13', 'Absent'),
(568, 0, 3, '2020-04-29', 73, 'B', '8th', 2, 'Week 13', 'Present'),
(569, 0, 3, '2020-05-06', 52, 'B', '8th', 2, 'Week 14', 'Present'),
(570, 0, 3, '2020-05-06', 53, 'B', '8th', 2, 'Week 14', 'Present'),
(571, 0, 3, '2020-05-06', 54, 'B', '8th', 2, 'Week 14', 'Present'),
(572, 0, 3, '2020-05-06', 55, 'B', '8th', 2, 'Week 14', 'Present'),
(573, 0, 3, '2020-05-06', 56, 'B', '8th', 2, 'Week 14', 'Present'),
(574, 0, 3, '2020-05-06', 57, 'B', '8th', 2, 'Week 14', 'Present'),
(575, 0, 3, '2020-05-06', 58, 'B', '8th', 2, 'Week 14', 'Present'),
(576, 0, 3, '2020-05-06', 59, 'B', '8th', 2, 'Week 14', 'Present'),
(577, 0, 3, '2020-05-06', 60, 'B', '8th', 2, 'Week 14', 'Present'),
(578, 0, 3, '2020-05-06', 61, 'B', '8th', 2, 'Week 14', 'Absent'),
(579, 0, 3, '2020-05-06', 62, 'B', '8th', 2, 'Week 14', 'Present'),
(580, 0, 3, '2020-05-06', 63, 'B', '8th', 2, 'Week 14', 'Present'),
(581, 0, 3, '2020-05-06', 64, 'B', '8th', 2, 'Week 14', 'Present'),
(582, 0, 3, '2020-05-06', 65, 'B', '8th', 2, 'Week 14', 'Absent'),
(583, 0, 3, '2020-05-06', 66, 'B', '8th', 2, 'Week 14', 'Present'),
(584, 0, 3, '2020-05-06', 67, 'B', '8th', 2, 'Week 14', 'Present'),
(585, 0, 3, '2020-05-06', 68, 'B', '8th', 2, 'Week 14', 'Present'),
(586, 0, 3, '2020-05-06', 69, 'B', '8th', 2, 'Week 14', 'Absent'),
(587, 0, 3, '2020-05-06', 70, 'B', '8th', 2, 'Week 14', 'Present'),
(588, 0, 3, '2020-05-06', 71, 'B', '8th', 2, 'Week 14', 'Present'),
(589, 0, 3, '2020-05-06', 72, 'B', '8th', 2, 'Week 14', 'Absent'),
(590, 0, 3, '2020-05-06', 73, 'B', '8th', 2, 'Week 14', 'Present'),
(591, 0, 3, '2020-05-15', 52, 'B', '8th', 2, 'Week 15', 'Present'),
(592, 0, 3, '2020-05-15', 53, 'B', '8th', 2, 'Week 15', 'Present'),
(593, 0, 3, '2020-05-15', 54, 'B', '8th', 2, 'Week 15', 'Absent'),
(594, 0, 3, '2020-05-15', 55, 'B', '8th', 2, 'Week 15', 'Present'),
(595, 0, 3, '2020-05-15', 56, 'B', '8th', 2, 'Week 15', 'Present'),
(596, 0, 3, '2020-05-15', 57, 'B', '8th', 2, 'Week 15', 'Present'),
(597, 0, 3, '2020-05-15', 58, 'B', '8th', 2, 'Week 15', 'Present'),
(598, 0, 3, '2020-05-15', 59, 'B', '8th', 2, 'Week 15', 'Present'),
(599, 0, 3, '2020-05-15', 60, 'B', '8th', 2, 'Week 15', 'Present'),
(600, 0, 3, '2020-05-15', 61, 'B', '8th', 2, 'Week 15', 'Present'),
(601, 0, 3, '2020-05-15', 62, 'B', '8th', 2, 'Week 15', 'Present'),
(602, 0, 3, '2020-05-15', 63, 'B', '8th', 2, 'Week 15', 'Present'),
(603, 0, 3, '2020-05-15', 64, 'B', '8th', 2, 'Week 15', 'Present'),
(604, 0, 3, '2020-05-15', 65, 'B', '8th', 2, 'Week 15', 'Present'),
(605, 0, 3, '2020-05-15', 66, 'B', '8th', 2, 'Week 15', 'Present'),
(606, 0, 3, '2020-05-15', 67, 'B', '8th', 2, 'Week 15', 'Present'),
(607, 0, 3, '2020-05-15', 68, 'B', '8th', 2, 'Week 15', 'Present'),
(608, 0, 3, '2020-05-15', 69, 'B', '8th', 2, 'Week 15', 'Absent'),
(609, 0, 3, '2020-05-15', 70, 'B', '8th', 2, 'Week 15', 'Present'),
(610, 0, 3, '2020-05-15', 71, 'B', '8th', 2, 'Week 15', 'Present'),
(611, 0, 3, '2020-05-15', 72, 'B', '8th', 2, 'Week 15', 'Absent'),
(612, 0, 3, '2020-05-15', 73, 'B', '8th', 2, 'Week 15', 'Present'),
(613, 0, 3, '2020-05-20', 52, 'B', '8th', 2, 'Week 16', 'Absent'),
(614, 0, 3, '2020-05-20', 53, 'B', '8th', 2, 'Week 16', 'Present'),
(615, 0, 3, '2020-05-20', 54, 'B', '8th', 2, 'Week 16', 'Absent'),
(616, 0, 3, '2020-05-20', 55, 'B', '8th', 2, 'Week 16', 'Present'),
(617, 0, 3, '2020-05-20', 56, 'B', '8th', 2, 'Week 16', 'Present'),
(618, 0, 3, '2020-05-20', 57, 'B', '8th', 2, 'Week 16', 'Present'),
(619, 0, 3, '2020-05-20', 58, 'B', '8th', 2, 'Week 16', 'Present'),
(620, 0, 3, '2020-05-20', 59, 'B', '8th', 2, 'Week 16', 'Present'),
(621, 0, 3, '2020-05-20', 60, 'B', '8th', 2, 'Week 16', 'Absent'),
(622, 0, 3, '2020-05-20', 61, 'B', '8th', 2, 'Week 16', 'Present'),
(623, 0, 3, '2020-05-20', 62, 'B', '8th', 2, 'Week 16', 'Present'),
(624, 0, 3, '2020-05-20', 63, 'B', '8th', 2, 'Week 16', 'Present'),
(625, 0, 3, '2020-05-20', 64, 'B', '8th', 2, 'Week 16', 'Present'),
(626, 0, 3, '2020-05-20', 65, 'B', '8th', 2, 'Week 16', 'Absent'),
(627, 0, 3, '2020-05-20', 66, 'B', '8th', 2, 'Week 16', 'Present'),
(628, 0, 3, '2020-05-20', 67, 'B', '8th', 2, 'Week 16', 'Absent'),
(629, 0, 3, '2020-05-20', 68, 'B', '8th', 2, 'Week 16', 'Present'),
(630, 0, 3, '2020-05-20', 69, 'B', '8th', 2, 'Week 16', 'Absent'),
(631, 0, 3, '2020-05-20', 70, 'B', '8th', 2, 'Week 16', 'Absent'),
(632, 0, 3, '2020-05-20', 71, 'B', '8th', 2, 'Week 16', 'Present'),
(633, 0, 3, '2020-05-20', 72, 'B', '8th', 2, 'Week 16', 'Absent'),
(634, 0, 3, '2020-05-20', 73, 'B', '8th', 2, 'Week 16', 'Present'),
(635, 0, 3, '2020-04-27', 52, 'B', '8th', 2, 'Week 17', 'Present'),
(636, 0, 3, '2020-04-27', 53, 'B', '8th', 2, 'Week 17', 'Present'),
(637, 0, 3, '2020-04-27', 54, 'B', '8th', 2, 'Week 17', 'Present'),
(638, 0, 3, '2020-04-27', 55, 'B', '8th', 2, 'Week 17', 'Present'),
(639, 0, 3, '2020-04-27', 56, 'B', '8th', 2, 'Week 17', 'Present'),
(640, 0, 3, '2020-04-27', 57, 'B', '8th', 2, 'Week 17', 'Present'),
(641, 0, 3, '2020-04-27', 58, 'B', '8th', 2, 'Week 17', 'Present'),
(642, 0, 3, '2020-04-27', 59, 'B', '8th', 2, 'Week 17', 'Present'),
(643, 0, 3, '2020-04-27', 60, 'B', '8th', 2, 'Week 17', 'Absent'),
(644, 0, 3, '2020-04-27', 61, 'B', '8th', 2, 'Week 17', 'Present'),
(645, 0, 3, '2020-04-27', 62, 'B', '8th', 2, 'Week 17', 'Present'),
(646, 0, 3, '2020-04-27', 63, 'B', '8th', 2, 'Week 17', 'Absent'),
(647, 0, 3, '2020-04-27', 64, 'B', '8th', 2, 'Week 17', 'Present'),
(648, 0, 3, '2020-04-27', 65, 'B', '8th', 2, 'Week 17', 'Present'),
(649, 0, 3, '2020-04-27', 66, 'B', '8th', 2, 'Week 17', 'Present'),
(650, 0, 3, '2020-04-27', 67, 'B', '8th', 2, 'Week 17', 'Absent'),
(651, 0, 3, '2020-04-27', 68, 'B', '8th', 2, 'Week 17', 'Present'),
(652, 0, 3, '2020-04-27', 69, 'B', '8th', 2, 'Week 17', 'Absent'),
(653, 0, 3, '2020-04-27', 70, 'B', '8th', 2, 'Week 17', 'Absent'),
(654, 0, 3, '2020-04-27', 71, 'B', '8th', 2, 'Week 17', 'Present'),
(655, 0, 3, '2020-04-27', 72, 'B', '8th', 2, 'Week 17', 'Absent'),
(656, 0, 3, '2020-04-27', 73, 'B', '8th', 2, 'Week 17', 'Present');

-- --------------------------------------------------------

--
-- Table structure for table `chairman`
--

CREATE TABLE `chairman` (
  `id` int(11) NOT NULL,
  `username` varchar(20) NOT NULL,
  `fname` varchar(20) NOT NULL,
  `lname` varchar(20) NOT NULL,
  `email` varchar(50) NOT NULL,
  `pass` varchar(50) NOT NULL
) ENGINE=InnoDB DEFAULT CHARSET=utf8mb4;

--
-- Dumping data for table `chairman`
--

INSERT INTO `chairman` (`id`, `username`, `fname`, `lname`, `email`, `pass`) VALUES
(1, 'chairman_12', 'Mashood', 'Ahmed', 'mashood@example.com', 'Hello12345');

-- --------------------------------------------------------

--
-- Table structure for table `complaint`
--

CREATE TABLE `complaint` (
  `id` int(11) NOT NULL,
  `std_id` int(11) NOT NULL,
  `title` varchar(50) NOT NULL,
  `description` text NOT NULL
) ENGINE=InnoDB DEFAULT CHARSET=utf8mb4;

--
-- Dumping data for table `complaint`
--

INSERT INTO `complaint` (`id`, `std_id`, `title`, `description`) VALUES
(1, 8, 'Complaint', 'This Project is dedicated to all Muslim ummah, for their best wishes and prayers\r\nour Beloved Parents, for their endless love, absolute care and guidance’s. Thanks\r\nto The member states of the Organization of Islamic Co-operation (OIC) which granted of\r\nus with scholarship opportunity to obtain a career in the world of technology, and\r\nindeed the host country, peoples republic of XYZ. We are forever grateful to\r\nour project supervisor'),
(2, 8, 'Complaint One', 'This Project is dedicated to all Muslim ummah, for their best wishes and prayers\r\nour Beloved Parents, for their endless love, absolute care and guidance’s. Thanks\r\nto The member states of the Organization of Islamic Co-operation (OIC) which granted of\r\nus with scholarship opportunity to obtain a career in the world of technology, and\r\nindeed the host country, peoples republic of XYZ. We are forever grateful to\r\nour project supervisor'),
(3, 8, 'Complaint Two', 'This Project is dedicated to all Muslim ummah, for their best wishes and prayers\r\nour Beloved Parents, for their endless love, absolute care and guidance’s. Thanks\r\nto The member states of the Organization of Islamic Co-operation (OIC) which granted of\r\nus with scholarship opportunity to obtain a career in the world of technology, and\r\nindeed the host country, peoples republic of XYZ. We are forever grateful to\r\nour project supervisor'),
(4, 8, 'Complaint Three', 'This Project is dedicated to all Muslim ummah, for their best wishes and prayers\r\nour Beloved Parents, for their endless love, absolute care and guidance’s. Thanks\r\nto The member states of the Organization of Islamic Co-operation (OIC) which granted of\r\nus with scholarship opportunity to obtain a career in the world of technology, and\r\nindeed the host country, peoples republic of XYZ. We are forever grateful to\r\nour project supervisor'),
(5, 8, 'Complaint Four', 'This Project is dedicated to all Muslim ummah, for their best wishes and prayers\r\nour Beloved Parents, for their endless love, absolute care and guidance’s. Thanks\r\nto The member states of the Organization of Islamic Co-operation (OIC) which granted of\r\nus with scholarship opportunity to obtain a career in the world of technology, and\r\nindeed the host country, peoples republic of XYZ. We are forever grateful to\r\nour project supervisor'),
(6, 8, 'Complaint Five', 'This Project is dedicated to all Muslim ummah, for their best wishes and prayers\r\nour Beloved Parents, for their endless love, absolute care and guidance’s. Thanks\r\nto The member states of the Organization of Islamic Co-operation (OIC) which granted of\r\nus with scholarship opportunity to obtain a career in the world of technology, and\r\nindeed the host country, peoples republic of XYZ. We are forever grateful to\r\nour project supervisor'),
(7, 8, 'Complaint Six', 'This Project is dedicated to all Muslim ummah, for their best wishes and prayers\r\nour Beloved Parents, for their endless love, absolute care and guidance’s. Thanks\r\nto The member states of the Organization of Islamic Co-operation (OIC) which granted of\r\nus with scholarship opportunity to obtain a career in the world of technology, and\r\nindeed the host country, peoples republic of XYZ. We are forever grateful to\r\nour project supervisor'),
(8, 8, 'Complaint Seven', 'This Project is dedicated to all Muslim ummah, for their best wishes and prayers\r\nour Beloved Parents, for their endless love, absolute care and guidance’s. Thanks\r\nto The member states of the Organization of Islamic Co-operation (OIC) which granted of\r\nus with scholarship opportunity to obtain a career in the world of technology, and\r\nindeed the host country, peoples republic of XYZ. We are forever grateful to\r\nour project supervisor'),
(9, 8, 'Complaint Eight', 'This Project is dedicated to all Muslim ummah, for their best wishes and prayers\r\nour Beloved Parents, for their endless love, absolute care and guidance’s. Thanks\r\nto The member states of the Organization of Islamic Co-operation (OIC) which granted of\r\nus with scholarship opportunity to obtain a career in the world of technology, and\r\nindeed the host country, peoples republic of XYZ. We are forever grateful to\r\nour project supervisor'),
(10, 8, 'Complaint Nine', 'This Project is dedicated to all Muslim ummah, for their best wishes and prayers\r\nour Beloved Parents, for their endless love, absolute care and guidance’s. Thanks\r\nto The member states of the Organization of Islamic Co-operation (OIC) which granted of\r\nus with scholarship opportunity to obtain a career in the world of technology, and\r\nindeed the host country, peoples republic of XYZ. We are forever grateful to\r\nour project supervisor'),
(11, 8, 'Complaint Ten', 'This Project is dedicated to all Muslim ummah, for their best wishes and prayers\r\nour Beloved Parents, for their endless love, absolute care and guidance’s. Thanks\r\nto The member states of the Organization of Islamic Co-operation (OIC) which granted of\r\nus with scholarship opportunity to obtain a career in the world of technology, and\r\nindeed the host country, peoples republic of XYZ. We are forever grateful to\r\nour project supervisor'),
(12, 8, 'Complaint Eleven', 'This Project is dedicated to all Muslim ummah, for their best wishes and prayers\r\nour Beloved Parents, for their endless love, absolute care and guidance’s. Thanks\r\nto The member states of the Organization of Islamic Co-operation (OIC) which granted of\r\nus with scholarship opportunity to obtain a career in the world of technology, and\r\nindeed the host country, peoples republic of XYZ. We are forever grateful to\r\nour project supervisor');

-- --------------------------------------------------------

--
-- Table structure for table `copyright`
--

CREATE TABLE `copyright` (
  `id` int(11) NOT NULL,
  `copyright` varchar(255) NOT NULL
) ENGINE=InnoDB DEFAULT CHARSET=utf8mb4;

--
-- Dumping data for table `copyright`
--

INSERT INTO `copyright` (`id`, `copyright`) VALUES
(1, 'All Rights Reserved CSIT Deptt Uet Peshawar');

-- --------------------------------------------------------

--
-- Table structure for table `courses`
--

CREATE TABLE `courses` (
  `c_id` int(11) NOT NULL,
  `title` varchar(50) NOT NULL,
  `code` varchar(20) NOT NULL,
  `credit` int(10) NOT NULL
) ENGINE=InnoDB DEFAULT CHARSET=utf8mb4;

--
-- Dumping data for table `courses`
--

INSERT INTO `courses` (`c_id`, `title`, `code`, `credit`) VALUES
(2, 'Introduction To Computing', 'CS-101', 4),
(3, 'Discrete Structure', 'CS-103', 3),
(4, 'Pakistan Studies', 'BSI-110', 2),
(5, 'Calculus', 'BSI-122', 3),
(6, 'Islamiayat', 'BSI-101', 2),
(7, 'Intro to computer Programming', 'CS-102', 4),
(8, 'Digital And Logic Design', 'CS-105', 4),
(9, 'Basic Electronics', 'EE-103', 3),
(10, 'Linear Algebra', 'BSI-111', 3),
(11, 'English Composition And Comprehension', 'BSI-131', 3),
(12, 'Object Oriented Programming', 'CS-201', 4),
(13, 'Automata Theory', 'CS-202', 3),
(14, 'Data Structure And Algorithms', 'CS-203', 4),
(15, 'Differential Equations', 'BSI-231', 3),
(16, 'Tech Report Writing And Communication Skills', 'CS-204', 3),
(17, 'Design And Analysis of Algorithms', 'CS-205', 3),
(18, 'Data Communication', 'CS-209', 3),
(19, 'Database Systems I', 'CS-207', 4),
(20, 'Computer Architecture And Assembly Language', 'CS-208', 4),
(21, 'Statistic And Probability', 'BSI-350', 3),
(22, 'Uni Elective II', 'XXXX', 3),
(23, 'Operating Systems', 'CS-302', 4),
(24, 'Software Engineering', 'CS-301', 4),
(25, 'CS Elective I', 'XXXXX', 3),
(26, 'Compiler Construction', 'CS-304', 3),
(27, 'Computer Networks', 'CS-306', 4),
(28, 'CS Elective II', 'XXAA', 3),
(29, 'CS Elective III', 'XXBB', 3),
(30, 'Numerical Computing', 'BSI-242', 4),
(31, 'Final Year Project', 'CS-400', 3),
(32, 'CS Elective IV', 'XXCC', 4),
(33, 'Human Computer Interaction', 'CS-401', 3),
(34, 'CS Elective V', 'XXDD', 3),
(35, 'CS Elective VI', 'XXEE', 3),
(36, 'Introduction to Information Security', 'CS-405', 3),
(37, 'Ethical And Legal Issues in Computing', 'IT-406', 3),
(38, 'Uni-Elective IV', 'XXFF', 3),
(39, 'Uni-Elective-I', 'XXGG', 3);

-- --------------------------------------------------------

--
-- Table structure for table `internal_marks`
--

CREATE TABLE `internal_marks` (
  `m_id` int(11) NOT NULL,
  `c_id` int(11) NOT NULL,
  `t_id` int(11) NOT NULL,
  `std_id` int(11) NOT NULL,
  `std_sem` varchar(10) NOT NULL,
  `std_sec` varchar(10) NOT NULL,
  `a1` int(11) NOT NULL,
  `a2` int(11) NOT NULL,
  `a3` int(11) NOT NULL,
  `a4` int(11) NOT NULL,
  `a5` int(11) NOT NULL,
  `a6` int(11) NOT NULL,
  `q1` int(11) NOT NULL,
  `q2` int(11) NOT NULL,
  `q3` int(11) NOT NULL,
  `q4` int(11) NOT NULL,
  `q5` int(11) NOT NULL,
  `q6` int(11) NOT NULL,
  `participation` int(11) NOT NULL,
  `presentation` int(11) NOT NULL,
  `mid` int(11) NOT NULL,
  `final` int(11) NOT NULL
) ENGINE=InnoDB DEFAULT CHARSET=utf8mb4;

--
-- Dumping data for table `internal_marks`
--

INSERT INTO `internal_marks` (`m_id`, `c_id`, `t_id`, `std_id`, `std_sem`, `std_sec`, `a1`, `a2`, `a3`, `a4`, `a5`, `a6`, `q1`, `q2`, `q3`, `q4`, `q5`, `q6`, `participation`, `presentation`, `mid`, `final`) VALUES
(19, 3, 2, 28, '8th', 'A', 1, 1, 1, 1, 1, 1, 2, 2, 1, 2, 1, 2, 1, 0, 19, 49),
(20, 3, 2, 29, '8th', 'A', 0, 1, 1, 1, 1, 1, 1, 2, 1, 0, 2, 2, 1, 0, 18, 50),
(21, 3, 2, 30, '8th', 'A', 1, 1, 1, 1, 1, 1, 2, 2, 0, 2, 1, 2, 1, 0, 20, 48),
(22, 3, 2, 31, '8th', 'A', 1, 1, 1, 1, 1, 1, 2, 2, 2, 2, 1, 2, 1, 0, 18, 35),
(23, 3, 2, 32, '8th', 'A', 1, 1, 1, 1, 1, 1, 2, 2, 2, 2, 0, 2, 1, 0, 14, 48),
(24, 3, 2, 33, '8th', 'A', 1, 1, 1, 1, 1, 1, 1, 0, 1, 2, 1, 2, 1, 0, 14, 47),
(25, 3, 2, 34, '8th', 'A', 1, 1, 1, 1, 1, 1, 2, 2, 0, 2, 0, 0, 1, 0, 14, 14),
(26, 3, 2, 35, '8th', 'A', 1, 1, 1, 1, 1, 1, 2, 2, 1, 2, 1, 2, 1, 0, 10, 40),
(27, 3, 2, 36, '8th', 'A', 1, 1, 1, 1, 1, 1, 2, 2, 0, 2, 2, 0, 1, 0, 6, 34),
(28, 3, 2, 37, '8th', 'A', 1, 1, 1, 1, 1, 1, 2, 0, 0, 2, 0, 2, 1, 0, 14, 41),
(29, 3, 2, 38, '8th', 'A', 1, 1, 1, 1, 1, 1, 1, 2, 1, 2, 1, 2, 1, 0, 15, 43),
(30, 3, 2, 39, '8th', 'A', 1, 1, 1, 1, 1, 1, 2, 0, 0, 2, 1, 2, 1, 0, 18, 48),
(31, 3, 2, 40, '8th', 'A', 1, 1, 1, 1, 1, 1, 0, 0, 0, 2, 0, 2, 1, 0, 15, 41),
(32, 3, 2, 41, '8th', 'A', 1, 1, 1, 1, 1, 1, 1, 2, 1, 2, 0, 2, 1, 0, 13, 37),
(33, 3, 2, 42, '8th', 'A', 1, 1, 1, 1, 1, 1, 1, 2, 0, 2, 1, 2, 1, 0, 3, 18),
(34, 3, 2, 43, '8th', 'A', 1, 1, 1, 1, 1, 1, 2, 2, 1, 2, 0, 2, 1, 0, 19, 40),
(35, 3, 2, 44, '8th', 'A', 1, 1, 1, 1, 1, 1, 2, 0, 1, 2, 1, 2, 1, 0, 21, 47),
(36, 3, 2, 45, '8th', 'A', 1, 1, 1, 1, 1, 1, 2, 2, 2, 0, 0, 0, 1, 0, 18, 36),
(37, 3, 2, 46, '8th', 'A', 1, 1, 1, 1, 1, 1, 2, 2, 1, 1, 2, 2, 1, 0, 14, 45),
(38, 3, 2, 47, '8th', 'A', 1, 1, 1, 1, 1, 1, 2, 0, 0, 2, 2, 2, 1, 0, 16, 50),
(39, 3, 2, 48, '8th', 'A', 1, 1, 1, 1, 1, 1, 2, 1, 0, 1, 1, 2, 1, 0, 12, 39),
(40, 3, 2, 49, '8th', 'A', 1, 1, 1, 1, 1, 1, 1, 2, 0, 2, 2, 1, 1, 0, 0, 7),
(41, 3, 2, 50, '8th', 'A', 1, 1, 1, 1, 1, 1, 1, 2, 1, 0, 0, 1, 1, 0, 17, 44),
(42, 3, 2, 51, '8th', 'A', 1, 1, 1, 1, 1, 1, 2, 1, 2, 2, 1, 2, 1, 0, 16, 48),
(43, 3, 2, 52, '8th', 'B', 1, 1, 1, 1, 1, 1, 1, 0, 1, 1, 2, 2, 1, 0, 15, 42),
(44, 3, 2, 53, '8th', 'B', 1, 1, 1, 1, 1, 1, 2, 0, 0, 1, 0, 0, 1, 0, 14, 33),
(45, 3, 2, 54, '8th', 'B', 1, 1, 1, 1, 1, 1, 2, 2, 0, 2, 2, 2, 1, 0, 19, 50),
(46, 3, 2, 55, '8th', 'B', 1, 1, 1, 1, 1, 1, 0, 0, 0, 1, 0, 2, 1, 0, 19, 40),
(47, 3, 2, 56, '8th', 'B', 1, 1, 1, 1, 1, 1, 2, 1, 2, 1, 2, 2, 1, 0, 14, 48),
(48, 3, 2, 57, '8th', 'B', 1, 1, 1, 1, 1, 1, 2, 0, 1, 2, 1, 2, 1, 0, 17, 37),
(49, 3, 2, 58, '8th', 'B', 1, 1, 1, 1, 1, 1, 1, 0, 0, 1, 0, 2, 1, 0, 3, 38),
(50, 3, 2, 59, '8th', 'B', 1, 1, 1, 1, 1, 1, 2, 2, 1, 1, 2, 2, 1, 0, 12, 49),
(51, 3, 2, 60, '8th', 'B', 1, 1, 1, 1, 1, 1, 0, 2, 0, 0, 0, 1, 1, 0, 16, 40),
(52, 3, 2, 61, '8th', 'B', 1, 1, 1, 1, 1, 1, 1, 2, 0, 1, 2, 2, 1, 0, 13, 17),
(53, 3, 2, 62, '8th', 'B', 1, 1, 1, 1, 1, 1, 1, 2, 1, 1, 1, 2, 1, 0, 11, 30),
(54, 3, 2, 63, '8th', 'B', 1, 1, 1, 1, 1, 1, 1, 2, 1, 2, 1, 2, 1, 0, 5, 36),
(55, 3, 2, 64, '8th', 'B', 1, 1, 1, 1, 1, 1, 1, 2, 0, 1, 0, 2, 1, 0, 13, 39),
(56, 3, 2, 65, '8th', 'B', 1, 1, 1, 1, 1, 1, 1, 1, 1, 1, 2, 2, 1, 0, 16, 37),
(57, 3, 2, 66, '8th', 'B', 1, 1, 1, 1, 1, 1, 1, 1, 0, 0, 0, 2, 1, 0, 9, 34),
(58, 3, 2, 67, '8th', 'B', 1, 1, 1, 1, 1, 1, 1, 2, 0, 1, 1, 1, 1, 0, 11, 40),
(59, 3, 2, 68, '8th', 'B', 1, 1, 1, 1, 1, 1, 1, 0, 0, 1, 2, 2, 1, 0, 1, 0),
(60, 3, 2, 69, '8th', 'B', 1, 1, 1, 1, 1, 1, 1, 0, 0, 1, 1, 2, 1, 0, 11, 36),
(61, 3, 2, 70, '8th', 'B', 1, 1, 1, 1, 1, 1, 0, 0, 0, 1, 2, 0, 1, 0, 18, 39),
(62, 3, 2, 71, '8th', 'B', 1, 1, 1, 1, 1, 1, 1, 0, 0, 1, 0, 2, 1, 0, 14, 40),
(63, 3, 2, 72, '8th', 'B', 1, 1, 1, 1, 1, 1, 2, 2, 0, 2, 0, 1, 1, 0, 20, 34),
(64, 3, 2, 73, '8th', 'B', 1, 1, 1, 1, 1, 1, 1, 2, 0, 1, 2, 2, 1, 0, 12, 40);

-- --------------------------------------------------------

--
-- Table structure for table `post`
--

CREATE TABLE `post` (
  `id` int(11) NOT NULL,
  `title` varchar(50) NOT NULL,
  `description` text NOT NULL,
  `file` varchar(255) NOT NULL
) ENGINE=InnoDB DEFAULT CHARSET=utf8mb4;

-- --------------------------------------------------------

--
-- Table structure for table `students`
--

CREATE TABLE `students` (
  `std_id` int(11) NOT NULL,
  `username` varchar(40) NOT NULL,
  `fname` varchar(20) NOT NULL,
  `lname` varchar(20) NOT NULL,
  `email` varchar(30) NOT NULL,
  `reg_no` varchar(20) NOT NULL,
  `section` varchar(10) NOT NULL,
  `semester` varchar(20) NOT NULL,
  `password` varchar(50) NOT NULL,
  `status` varchar(10) NOT NULL
) ENGINE=InnoDB DEFAULT CHARSET=utf8mb4;

--
-- Dumping data for table `students`
--

INSERT INTO `students` (`std_id`, `username`, `fname`, `lname`, `email`, `reg_no`, `section`, `semester`, `password`, `status`) VALUES
(28, 'bilal', 'Bilal', 'Ahmad', '16PWBCS0508@uetpeshawar.edu.pk', '16pwbcs0508', 'A', '8th', 'Bilal12345', 'ON'),
(29, 'asim', 'Muhammad', 'Asim Khan', '16PWBCS0509@uetpeshawar.edu.pk', '16PWBCS0509', 'A', '8th', 'asim', 'ON'),
(30, 'nauman', 'Nauman', 'Sadiq', '16PWBCS0510@uetpeshawar.edu.pk', '16PWBCS0510', 'A', '8th', 'nauman', 'ON'),
(31, 'shahab', 'Shahab', 'Khan', '16PWBCS0511@uetpeshawar.edu.pk', '16PWBCS0511', 'A', '8th', 'shahab', 'ON'),
(32, 'asif', 'Asif', 'Taj', '16PWBCS0512@uetpeshawar.edu.pk', '16PWBCS0512', 'A', '8th', 'asif', 'ON'),
(33, 'adnan', 'Adnan', 'Khan', '16PWBCS0513@uetpeshawar.edu.pk', '16PWBCS0513', 'A', '8th', 'adnan', 'ON'),
(34, 'zeeshan', 'Zeeshan', 'Ahmad', '16PWBCS0514@uetpeshawar.edu.pk', '16PWBCS0514', 'A', '8th', 'zeeshan', 'ON'),
(35, 'naveed', 'Naveed', 'Hussain', '16PWBCS0515@uetpeshawar.edu.pk', '16PWBCS0515', 'A', '8th', 'naveed', 'ON'),
(36, 'arsalan', 'Syed', 'Arsalan Qaisar', '16PWBCS0516@uetpeshawar.edu.pk', '16PWBCS0516', 'A', '8th', 'arsalan', 'ON'),
(37, 'sajid', 'Muhammad', 'Sajid', '16PWBCS0517@uetpeshawar.edu.pk', '16PWBCS0517', 'A', '8th', 'sajid', 'ON'),
(38, 'shahnoor', 'Shahnoor', 'Hassan', '16PWBCS0518@uetpeshawar.edu.pk', '16PWBCS0518', 'A', '8th', 'shahnoor', 'ON'),
(39, 'sajid', 'Sajid', 'Khan', '16PWBCS0520@uetpeshawar.edu.pk', '16PWBCS0520', 'A', '8th', 'sajid', 'ON'),
(40, 'anum', 'Anum', 'Naushad', '16PWBCS0523@uetpeshawar.edu.pk', '16PWBCS0523', 'A', '8th', 'anum', 'ON'),
(41, 'mahnoor', 'Mahnoor', 'Mumtaz', '16PWBCS0524@uetpeshawar.edu.pk', '16PWBCS0524', 'A', '8th', 'mahnoor', 'ON'),
(42, 'nauman', 'Nauman', 'Ali', '16PWBCS0525@uetpeshawar.edu.pk', '16PWBCS0525', 'A', '8th', 'nauman', 'ON'),
(43, 'shahab', 'Shahab', 'Khan', '16PWBCS0526@uetpeshawar.edu.pk', '16PWBCS0526', 'A', '8th', 'shahab', 'ON'),
(44, 'waleed', 'Waleed', 'Sultan', '16PWBCS0527@uetpeshawar.edu.pk', '16PWBCS0527', 'A', '8th', 'waleed', 'ON'),
(45, 'ammad', 'Ammad', 'Ahmed Khan', '16PWBCS0530@uetpeshawar.edu.pk', '16PWBCS0530', 'A', '8th', 'ammad', 'ON'),
(46, 'jawad', 'Mian ', 'Jawad Ahmad', '16PWBCS0531@uetpeshawar.edu.pk', '16PWBCS0531', 'A', '8th', 'jawad', 'ON'),
(47, 'ihtisham', 'Ihtisham ', 'Rahim', '16PWBCS0532@uetpeshawar.edu.pk', '16PWBCS0532', 'A', '8th', 'ihtisham', 'ON'),
(48, 'fawad', 'Fawad', 'Ullah', '16PWBCS0533@uetpeshawar.edu.pk', '16PWBCS0533', 'A', '8th', 'fawad', 'ON'),
(49, 'abdullah', 'Abdullah', 'Khan', '16PWBCS0534@uetpeshawar.edu.pk', '16PWBCS0534', 'A', '8th', 'abdullah', 'ON'),
(50, 'asim', 'Asim', 'Saeed', '16PWBCS0535@uetpeshawar.edu.pk', '16PWBCS0535', 'A', '8th', 'asim', 'ON'),
(51, 'nehal', 'Nehal', 'Shah', '16PWBCS0536@uetpeshawar.edu.pk', '16PWBCS0536', 'A', '8th', 'nehal', 'ON'),
(52, 'ihsan', 'Ihsan', 'Ul Haq', '16PWBCS0537@uetpeshawar.edu.pk', '16PWBCS0537', 'B', '8th', 'ihsan', 'ON'),
(53, 'usman', 'Muhammad', 'Usman', '16PWBCS0538@uetpeshawar.edu.pk', '16PWBCS0538', 'B', '8th', 'usman', 'ON'),
(54, 'umer', 'Umer', 'Zaib', '16PWBCS0539@uetpeshawar.edu.pk', '16PWBCS0539', 'B', '8th', 'umer', 'ON'),
(55, 'hamza', 'Muhammad', 'Hamza', '16PWBCS0540@uetpeshawar.edu.pk', '16PWBCS0540', 'B', '8th', 'hamza', 'ON'),
(56, 'haseeb', 'Haseeb ', 'Ul Islam', '16PWBCS0542@uetpeshawar.edu.pk', '16PWBCS0542', 'B', '8th', 'haseeb', 'ON'),
(57, 'mashood', 'Syed ', 'Mashoodullah', '16PWBCS0543@uetpeshawar.edu.pk', '16PWBCS0543', 'B', '8th', 'mashood', 'ON'),
(58, 'nasir', 'Nasir', 'Ali Shah', '16PWBCS0544@uetpeshawar.edu.pk', '16PWBCS0544', 'B', '8th', 'nasir', 'ON'),
(59, 'hasnain', 'Hasnain', 'Alamgir', '16PWBCS0546@uetpeshawar.edu.pk', '16PWBCS0546', 'B', '8th', 'hasnain', 'ON'),
(60, 'ahsan', 'Ahsan ', 'Khan', '16PWBCS0548@uetpeshawar.edu.pk', '16PWBCS0548', 'B', '8th', 'ahsan', 'ON'),
(61, 'zaid', 'Muhammad', 'Zaid', '16PWBCS0549@uetpeshawar.edu.pk', '16PWBCS0549', 'B', '8th', 'zaid', 'ON'),
(62, 'abubakar', 'Abubakar', 'Said', '16PWBCS0550@uetpeshawar.edu.pk', '16PWBCS0550', 'B', '8th', 'abubakar', 'ON'),
(63, 'wasim ', 'Muhammad', 'Wasim Khan', '16PWBCS0551@uetpeshawar.edu.pk', '16PWBCS0551', 'B', '8th', 'waseem', 'ON'),
(64, 'ahmad', 'Ahmad', 'Talha', '16PWBCS0552@uetpeshawar.edu.pk', '16PWBCS0552', 'B', '8th', 'ahmad', 'ON'),
(65, 'imran', 'Muhammad', 'Imran Khan', '16PWBCS0553@uetpeshawar.edu.pk', '16PWBCS0553', 'B', '8th', 'imran', 'ON'),
(66, 'haroon', 'Muhammad', 'Haroon', '16PWBCS0554@uetpeshawar.edu.pk', '16PWBCS0554', 'B', '8th', 'haroon', 'ON'),
(67, 'zeeshan', 'Muhammad', 'Zeeshan', '16PWBCS0555@uetpeshawar.edu.pk', '16PWBCS0555', 'B', '8th', 'zeeshan', 'ON'),
(68, 'sohail', 'Muhammad', 'Sohail', '16PWBCS0556@uetpeshawar.edu.pk', '16PWBCS0556', 'B', '8th', 'sohail', 'ON'),
(69, 'ubaid', 'Ubaid', 'Ur Rehman', '16PWBCS0558@uetpeshawar.edu.pk', '16PWBCS0558', 'B', '8th', 'ubaid', 'ON'),
(70, 'mehak', 'Mehak', 'Khan', '16PWBCS0559@uetpeshawar.edu.pk', '16PWBCS0559', 'B', '8th', 'mehak', 'ON'),
(71, 'noman', 'Noman', 'Khan', '16PWBCS0560@uetpeshawar.edu.pk', '16PWBCS0560', 'B', '8th', 'noman', 'ON'),
(72, 'nawaz', 'Hazrat', 'Nawaz', '16PWBCS0561@uetpeshawar.edu.pk', '16PWBCS0561', 'B', '8th', 'nawaz', 'ON'),
(73, 'zeeshan', 'Zeeshan', 'Saleem', '16PWBCS0562@uetpeshawar.edu.pk', '16PWBCS0562', 'B', '8th', 'zeeshan', 'ON'),
(74, 'mustansir', 'Muntansir', 'Billah', '17PWBCS0563@uetpeshawar.edu.pk', '17PWBCS0563', 'A', '6th', 'mustansir', 'ON'),
(75, 'saeed', 'Muhammad', 'Saeed', '17PWBCS0564@uetpeshawar.edu.pk', '17PWBCS0564', 'A', '6th', 'saeed', 'ON'),
(76, 'luqman', 'Luqman', 'Latif', '17PWBCS0565@uetpeshawar.edu.pk', '17PWBCS0565', 'A', '6th', 'luqman', 'ON'),
(77, 'abdullah', 'Abdullah', 'Khan', '17PWBCS0566@uetpeshawar.edu.pk', '17PWBCS0566', 'A', '6th', 'abdullah', 'ON'),
(78, 'momin', 'Momin', 'Khaliq', '17PWBCS0567@uetpeshawar.edu.pk', '17PWBCS0567', 'A', '6th', 'momin', 'ON'),
(79, 'sajood', 'Sajood', 'Ur Rehman', '17PWBCS0568@uetpeshawar.edu.pk', '17PWBCS0568', 'A', '6th', 'sajood', 'ON'),
(80, 'abubakar', 'Abubakar', 'Saddiq', '17PWBCS0569@uetpeshawar.edu.pk', '17PWBCS0569', 'A', '6th', 'abubakar', 'ON'),
(81, 'sameer', 'Sameer', 'Khan', '17PWBCS0570@uetpeshawar.edu.pk', '17PWBCS0570', 'A', '6th', 'sameer', 'ON'),
(82, 'zain', 'Zain', 'Zia', '17PWBCS0571@uetpeshawar.edu.pk', '17PWBCS0571', 'A', '6th', 'zain', 'ON'),
(83, 'afaq', 'Afaq', 'Ahmad', '17PWBCS0572@uetpeshawar.edu.pk', '17PWBCS0572', 'A', '6th', 'afaq', 'ON'),
(84, 'waheed', 'Muhammad', 'Waheed', '17PWBCS0573@uetpeshawar.edu.pk', '17PWBCS0573', 'A', '6th', 'waheed', 'ON'),
(85, 'fawad', 'Muhammad', 'Fawad Khan', '17PWBCS0574@uetpeshawar.edu.pk', '17PWBCS0574', 'A', '6th', 'fawad', 'ON'),
(86, 'abbas', 'Abbas', 'Sajjad', '17PWBCS0575@uetpeshawar.edu.pk', '17PWBCS0575', 'A', '6th', 'abbas', 'ON'),
(87, 'fawad', 'Fawad', 'Ur Rehman', '17PWBCS0576@uetpeshawar.edu.pk', '17PWBCS0576', 'A', '6th', 'fawad', 'ON'),
(88, 'tauseef', 'Muhammad', 'Tauseef', '17PWBCS0577@uetpeshawar.edu.pk', '17PWBCS0577', 'A', '6th', 'tauseef', 'ON'),
(89, 'atif', 'Muhammad', 'Atif Jan', '17PWBCS0578@uetpeshawar.edu.pk', '17PWBCS0578', 'A', '6th', 'atif', 'ON'),
(90, 'nisar', 'Nisar', 'Ali', '17PWBCS0579@uetpeshawar.edu.pk', '17PWBCS0579', 'A', '6th', 'nisar', 'ON'),
(91, 'mehran', 'Muhammad', 'Mehran', '17PWBCS0580@uetpeshawar.edu.pk', '17PWBCS0580', 'A', '6th', 'mehran', 'ON'),
(92, 'jamil', 'Jamil', 'Babbar', '17PWBCS0581@uetpeshawar.edu.pk', '17PWBCS0581', 'A', '6th', 'jamil', 'ON'),
(93, 'qasim', 'Mohammad', 'Qasim', '17PWBCS0582@uetpeshawar.edu.pk', '17PWBCS0582', 'A', '6th', 'qasim', 'ON'),
(94, 'atif', 'Atif', 'Hussain', '17PWBCS0583@uetpeshawar.edu.pk', '17PWBCS0583', 'A', '6th', 'atif', 'ON'),
(95, 'qaisar', 'Muhammad', 'Qaisar', '17PWBCS0584@uetpeshawar.edu.pk', '17PWBCS0584', 'A', '6th', 'qaisar', 'ON'),
(96, 'sarfaraz', 'Muhammad', 'Sarfaraz', '17PWBCS0585@uetpeshawar.edu.pk', '17PWBCS0585', 'A', '6th', 'sarfaraz', 'ON'),
(97, 'faheem', 'Muhammad', 'Faheem', '17PWBCS0586@uetpeshawar.edu.pk', '17PWBCS0586', 'A', '6th', 'faheem', 'ON'),
(98, 'hammad', 'Hammad', 'Raza Khattak', '17PWBCS0587@uetpeshawar.edu.pk', '17PWBCS0587', 'A', '6th', 'hammad', 'ON'),
(99, 'bilal', 'Hazrat', 'Bilal', '17PWBCS0588@uetpeshawar.edu.pk', '17PWBCS0588', 'A', '6th', 'bilal', 'ON'),
(100, 'shoaib', 'Shoaib', 'Ahmad', '17PWBCS0589@uetpeshawar.edu.pk', '17PWBCS0589', 'A', '6th', 'shoaib', 'ON'),
(101, 'muzammil', 'Muzammil', 'Ayaz', '17PWBCS0590@uetpeshawar.edu.pk', '17PWBCS0590', 'A', '6th', 'muzammil', 'ON'),
(102, 'awais', 'Awais', 'Ullah Babar', '17PWBCS0591@uetpeshawar.edu.pk', '17PWBCS0591', 'A', '6th', 'awais', 'ON'),
(103, 'kshif', 'Kshif', 'Al Eman', '17PWBCS0592@uetpeshawar.edu.pk', '17PWBCS0592', 'B', '6th', 'kshif', 'ON'),
(104, 'abdur', 'Abdur', 'Rehman', '17PWBCS0593@uetpeshawar.edu.pk', '17PWBCS0593', 'B', '6th', 'abdur', 'ON'),
(105, 'danyal', 'Danyal', 'Hussain', '17PWBCS0594@uetpeshawar.edu.pk', '17PWBCS0594', 'B', '6th', 'danyal', 'ON'),
(106, 'mahnoor', 'Mahnoor', 'Mehfooz', '17PWBCS0595@uetpeshawar.edu.pk', '17PWBCS0595', 'B', '6th', 'mahnoor', 'ON'),
(107, 'qureeshi', 'Qureeshi', '', '17PWBCS0596@uetpeshawar.edu.pk', '17PWBCS0596', 'B', '6th', 'qureeshi', 'ON'),
(108, 'fatima', 'Fatima', 'Khan', '17PWBCS0597@uetpeshawar.edu.pk', '17PWBCS0597', 'B', '6th', 'fatima', 'ON'),
(109, 'shahrukh', 'Muhammad', 'Shahrukh', '17PWBCS0598@uetpeshawar.edu.pk', '17PWBCS0598', 'B', '6th', 'shahrukh', 'ON'),
(110, 'naveed', 'Naveed', 'Ur Rehman', '17PWBCS0599@uetpeshawar.edu.pk', '17PWBCS0599', 'B', '6th', 'naveed', 'ON'),
(111, 'taimur', 'Taimur', 'Qazi', '17PWBCS0600@uetpeshawar.edu.pk', '17PWBCS0600', 'B', '6th', 'taimur', 'ON'),
(112, 'amin', 'Hazrat', 'Amin', '17PWBCS0601@uetpeshawar.edu.pk', '17PWBCS0601', 'B', '6th', 'amin', 'ON'),
(113, 'adnan', 'Muhammad', 'Adnan', '17PWBCS0602@uetpeshawar.edu.pk', '17PWBCS0602', 'B', '6th', 'adnan', 'ON'),
(114, 'aneel', 'Muhammad', 'Aneel', '17PWBCS0603@uetpeshawar.edu.pk', '17PWBCS0603', 'B', '6th', 'aneel', 'ON'),
(115, 'haris', 'Muhammad', 'Haris', '17PWBCS0604@uetpeshawar.edu.pk', '17PWBCS0604', 'B', '6th', 'haris', 'ON'),
(116, 'tariq', 'Tariq', 'Rahim', '17PWBCS0605@uetpeshawar.edu.pk', '17PWBCS0605', 'B', '6th', 'tariq', 'ON'),
(117, 'wasim', 'Wasim', 'Ullah', '17PWBCS0606@uetpeshawar.edu.pk', '17PWBCS0606', 'B', '6th', 'wasim', 'ON'),
(118, 'amin', 'Abdul', 'Amin', '17PWBCS0607@uetpeshawar.edu.pk', '17PWBCS0607', 'B', '6th', 'amin', 'ON'),
(119, 'basheer', 'Basheer', 'Alam', '17PWBCS0608@uetpeshawar.edu.pk', '17PWBCS0608', 'B', '6th', 'basheer', 'ON'),
(120, 'usman', 'Usman', 'Khan', '17PWBCS0609@uetpeshawar.edu.pk', '17PWBCS0609', 'B', '6th', 'usman', 'ON'),
(121, 'umair', 'Umair ', 'Malik', '17PWBCS0610@uetpeshawar.edu.pk', '17PWBCS0610', 'B', '6th', 'umair', 'ON'),
(122, 'safiullah', 'Safi', 'Ullah', '17PWBCS0611@uetpeshawar.edu.pk', '17PWBCS0611', 'B', '6th', 'safi', 'ON'),
(123, 'shahroon', 'Shahroon', 'Farooqi', '17PWBCS0612@uetpeshawar.edu.pk', '17PWBCS0612', 'B', '6th', 'shahroon', 'ON'),
(124, 'jalil', 'Muhammad', 'Jalil Afridi', '17PWBCS0613@uetpeshawar.edu.pk', '17PWBCS0613', 'B', '6th', 'jalil', 'ON'),
(125, 'komail', 'Komail', 'Khan', '17PWBCS0614@uetpeshawar.edu.pk', '17PWBCS0614', 'B', '6th', 'komail', 'ON'),
(126, 'najeeb', 'Najeeb', 'Ullah', '17PWBCS0615@uetpeshawar.edu.pk', '17PWBCS0615', 'B', '6th', 'najeeb', 'ON'),
(127, 'ihtesham', 'Ihtesham', 'Ul Haq', '17PWBCS0616@uetpeshawar.edu.pk', '17PWBCS0616', 'B', '6th', 'ihtesham', 'ON'),
(128, 'rizwan', 'Rizwan', 'Ul Islam', '17PWBCS0617@uetpeshawar.edu.pk', '17PWBCS0617', 'B', '6th', 'rizwan', 'ON'),
(129, 'rafay', 'Muhammad', 'Rafay', '17PWBCS0618@uetpeshawar.edu.pk', '17PWBCS0618', 'B', '6th', 'rafay', 'ON'),
(130, 'shahnawaz', 'Shahnawaz', 'Naveed', '17PWBCS0619@uetpeshawar.edu.pk', '17PWBCS0619', 'B', '6th', 'shahnawaz', 'ON'),
(131, 'laiba', 'Laiba', 'Ahmad', '18PWBCS0621@uetpeshawar.edu.pk', '18PWBCS0621', 'B', '4th', 'laiba', 'ON'),
(132, 'hamza', 'Hamza', 'Khan', '18PWBCS0622@uetpeshawar.edu.pk', '18PWBCS0622', 'B', '4th', 'hamza', 'ON'),
(133, 'sikandar', 'Sikandar', 'Khan', '18PWBCS0623@uetpeshawar.edu.pk', '18PWBCS0623', 'B', '4th', 'sikandar', 'ON'),
(134, 'fida', 'Fida', 'Muhammad', '18PWBCS0625@uetpeshawar.edu.pk', '18PWBCS0625', 'B', '4th', 'fida', 'ON'),
(135, 'ahsan', 'Muhammad', 'Ahsan Riaz', '18PWBCS0627@uetpeshawar.edu.pk', '18PWBCS0627', 'B', '4th', 'ahsan', 'ON'),
(136, 'masoud', 'Masoud', 'Ahmad', '18PWBCS0629@uetpeshawar.edu.pk', '18PWBCS0629', 'B', '4th', 'masoud', 'ON'),
(137, 'touqeer', 'Touqeer', 'Abbas', '18PWBCS0631@uetpeshawar.edu.pk', '18PWBCS0631', 'B', '4th', 'touqeer', 'ON'),
(138, 'numan', 'Nauman', 'Ahmad', '18PWBCS0635@uetpeshawar.edu.pk', '18PWBCS0635', 'B', '4th', 'nauman', 'ON'),
(139, 'ziaullah', 'Zia', 'Ullah', '18PWBCS0639@uetpeshawar.edu.pk', '18PWBCS0639', 'B', '4th', 'zia', 'ON'),
(140, 'nimra', 'Nimra', 'Arif', '18PWBCS0641@uetpeshawar.edu.pk', '18PWBCS0641', 'B', '4th', 'nimra', 'ON'),
(141, 'hamza', 'Hamza', 'Khan', '18PWBCS0673@uetpeshawar.edu.pk', '18PWBCS0673', 'B', '4th', 'hamza', 'ON'),
(142, 'shahid', 'Shahid', 'Khan', '18PWBCS0643@uetpeshawar.edu.pk', '18PWBCS0643', 'B', '4th', 'shahid', 'ON'),
(143, 'mohsin', 'Muhammad', 'Mohsin', '18PWBCS0645@uetpeshawar.edu.pk', '18PWBCS0645', 'B', '4th', 'mohsin', 'ON'),
(144, 'junaid', 'Muhammad', 'Junaid', '18PWBCS0647@uetpeshawar.edu.pk', '18PWBCS0647', 'B', '6th', 'junaid', 'ON'),
(145, 'luqman', 'Muhammad', 'Luqman', '18PWBCS0666@uetpeshawar.edu.pk', '18PWBCS0666', 'B', '4th', 'luqman', 'ON'),
(146, 'hayat', 'Hayat', 'Ullah', '18PWBCS0649@uetpeshawar.edu.pk', '18PWBCS0649', 'B', '4th', 'hayat', 'ON'),
(147, 'abdullah', 'Muhammad', 'Abdullah', '18PWBCS0651@uetpeshawar.edu.pk', '18PWBCS0651', 'B', '4th', 'abdullah', 'ON'),
(148, 'usman', 'Usman', 'Ullah', '18PWBCS0653@uetpeshawar.edu.pk', '18PWBCS0653', 'B', '4th', 'usman', 'ON'),
(149, 'haseena', 'Haseena', 'Zaman', '18PWBCS0664@uetpeshawar.edu.pk', '18PWBCS0664', 'B', '4th', 'haseena', 'ON'),
(150, 'basharat', 'Basharat', 'Irshad', '18PWBCS0655@uetpeshawar.edu.pk', '18PWBCS0655', 'B', '4th', 'basharat', 'ON'),
(151, 'abbas', 'Muhammad', 'Abbas', '18PWBCS0657@uetpeshawar.edu.pk', '18PWBCS0657', 'B', '4th', 'abbas', 'ON'),
(152, 'saqib', 'Saqib', 'Diar', '18PWBCS0659@uetpeshawar.edu.pk', '18PWBCS0659', 'B', '4th', 'saqib', 'ON'),
(153, 'muzamil', 'Muzamil', 'Khan', '18PWBCS0662@uetpeshawar.edu.pk', '18PWBCS0662', 'B', '4th', 'muzamil', 'ON'),
(154, 'usama', 'Usama', 'Ahmad Khan', '18PWBCS0620@uetpeshawar.edu.pk', '18PWBCS0620', 'A', '4th', 'usama', 'ON'),
(155, 'lajeela', 'Lajeela', 'Syed', '18PWBCS0671@uetpeshawar.edu.pk', '18PWBCS0671', 'A', '4th', 'lajeela', 'ON'),
(156, 'sohail', 'Sohail', 'Khan', '18PWBCS0624@uetpeshawar.edu.pk', '18PWBCS0624', 'A', '4th', 'sohail', 'ON'),
(157, 'usman', 'Muhammad', 'Usman', '18PWBCS0626@uetpeshawar.edu.pk', '18PWBCS0626', 'A', '4th', 'usman', 'ON'),
(158, 'mohsin', 'Muhammad', 'Mohsin', '18PWBCS0628@uetpeshawar.edu.pk', '18PWBCS0628', 'A', '4th', 'mohsin', 'ON'),
(159, 'talha', 'Muhammad', 'Talha', '18PWBCS0630@uetpeshawar.edu.pk', '18PWBCS0630', 'A', '4th', 'talha', 'ON'),
(160, 'muhammad', 'Muhammad', 'Khan', '16PWBCS0557@uetpeshawar.edu.pk', '16PWBCS0557', 'A', '4th', 'muhammad', 'ON'),
(161, 'rashid', 'Abdul', 'Rashid', '18PWBCS0632@uetpeshawar.edu.pk', '18PWBCS0632', 'A', '4th', 'rashid', 'ON'),
(162, 'haseeb', 'Haseeb', 'Ur Rehman', '18PWBCS0634@uetpeshawar.edu.pk', '18PWBCS0634', 'A', '4th', 'haseeb', 'ON'),
(163, 'nadir', 'Nadir', 'Shah', '18PWBCS0636@uetpeshawar.edu.pk', '18PWBCS0636', 'A', '4th', 'nadir', 'ON'),
(164, 'zeeshan', 'Zeeshan', 'Ahmed', '18PWBCS0637@uetpeshawar.edu.pk', '18PWBCS0637', 'A', '4th', 'zeeshan', 'ON'),
(165, 'museeb', 'Abdul', 'Museeb', '18PWBCS0638@uetpeshawar.edu.pk', '18PWBCS0638', 'A', '4th', 'museeb', 'ON'),
(166, 'shahirah', 'Shahirah', 'Ejaz', '18PWBCS0640@uetpeshawar.edu.pk', '18PWBCS0640', 'A', '4th', 'shahirah', 'ON'),
(167, 'fawad', 'Fawad ', 'Ullah Zafar', '18PWBCS0642@uetpeshawar.edu.pk', '18PWBCS0642', 'A', '4th', 'fawad', 'ON'),
(168, 'fazal', 'Fazal', 'Jamil', '18PWBCS0644@uetpeshawar.edu.pk', '18PWBCS0644', 'A', '4th', 'fazal', 'ON'),
(169, 'yaseen', 'Muhammad', 'Yaseen Khan', '18PWBCS0646@uetpeshawar.edu.pk', '18PWBCS0646', 'A', '4th', 'yaseen', 'ON'),
(170, 'hassan', 'Hassan', 'Babar', '18PWBCS0648@uetpeshawar.edu.pk', '18PWBCS0648', 'A', '4th', 'hassan', 'ON'),
(171, 'ayesha', 'Ayesha', 'Noor', '18PWBCS0650@uetpeshawar.edu.pk', '18PWBCS0650', 'A', '4th', 'ayesha', 'ON'),
(172, 'awais', 'Awais', 'Aman', '18PWBCS0652@uetpeshawar.edu.pk', '18PWBCS0652', 'A', '4th', 'awais', 'ON'),
(173, 'ibrahim', 'Muhammad', 'Ibrahim', '18PWBCS0654@uetpeshawar.edu.pk', '18PWBCS0654', 'A', '4th', 'ibrahim', 'ON'),
(174, 'waleed', 'Muhammad', 'Waleed', '18PWBCS0656@uetpeshawar.edu.pk', '18PWBCS0656', 'A', '4th', 'waleed', 'ON'),
(175, 'taneem', 'Taneem', 'Ullah Jan', '18PWBCS0658@uetpeshawar.edu.pk', '18PWBCS0658', 'A', '4th', 'taneem', 'ON'),
(176, 'afnan', 'Muhammad', 'Afnan', '18PWBCS0660@uetpeshawar.edu.pk', '18PWBCS0660', 'A', '4th', 'afnan', 'ON'),
(177, 'tahmeed', 'Tahmeed', 'Ullah', '18PWBCS0661@uetpeshawar.edu.pk', '18PWBCS0661', 'A', '4th', 'tahmeed', 'ON'),
(178, 'atif', 'Muhammad', 'Atif', '18PWBCS0663@uetpeshawar.edu.pk', '18PWBCS0663', 'A', '4th', 'atif', 'ON'),
(179, 'zarak', 'Muhammad', 'Zarak', '18PWBCS0665@uetpeshawar.edu.pk', '18PWBCS0665', 'A', '4th', 'zarak', 'ON'),
(180, 'awais', 'Muhammad', 'Awais Zahir', '18PWBCS0667@uetpeshawar.edu.pk', '18PWBCS0667', 'A', '4th', 'awais', 'ON'),
(181, 'shafi', 'Muhammad', 'Shafi Khan', '18PWBCS0669@uetpeshawar.edu.pk', '18PWBCS0669', 'A', '4th', 'shafi', 'ON'),
(182, 'mohsin', 'Mohsin', 'Ali Khattak', '18PWBCS0670@uetpeshawar.edu.pk', '18PWBCS0670', 'A', '4th', 'mohsin', 'ON'),
(183, 'shaheer', 'Muhammad', 'Shaheer Qureshi', '19PWBCS0674@uetpeshawar.edu.pk', '19PWBCS0674', 'A', '2nd', 'shaheer', 'ON'),
(184, 'tooba', 'Tooba', 'Mehboob', '19PWBCS0676@uetpeshawar.edu.pk', '19PWBCS0676', 'A', '2nd', 'tooba', 'ON'),
(185, 'maliha', 'Maliha', 'Johar', '19PWBCS0678@uetpeshawar.edu.pk', '19PWBCS0678', 'A', '2nd', 'maliha', 'ON'),
(186, 'awais', 'Awais', 'Ali Khan', '19PWBCS0668@uetpeshawar.edu.pk', '19PWBCS0668', 'A', '2nd', 'awais', 'ON'),
(187, 'zulqarnain', 'Zulqarnain', 'Ali', '19PWBCS0682@uetpeshawar.edu.pk', '19PWBCS0682', 'A', '2nd', 'zulqarnain', 'ON'),
(188, 'qasim', 'Qasim', 'Rehman', '19PWBCS0684@uetpeshawar.edu.pk', '19PWBCS0684', 'A', '2nd', 'qasim', 'ON'),
(189, 'meeral', 'Meeral', 'Ahmed', '19PWBCS0688@uetpeshawar.edu.pk', '19PWBCS0688', 'A', '2nd', 'meeral', 'ON'),
(190, 'sabreen', 'Sabreen ', 'Ali', '19PWBCS0710@uetpeshawar.edu.pk', '19PWBCS0710', 'A', '2nd', 'sabreen', 'ON'),
(191, 'ali', 'Ali', 'Khan', '19PWBCS0692@uetpeshawar.edu.pk', '19PWBCS0692', 'A', '2nd', 'ali', 'ON'),
(192, 'mahnoor', 'Mahnoor', 'Baloch', '19PWBCS0693@uetpeshawar.edu.pk', '19PWBCS0693', 'A', '2nd', 'mahnoor', 'ON'),
(193, 'fawad', 'Muhammad', 'Fawad', '19PWBCS0694@uetpeshawar.edu.pk', '19PWBCS0694', 'A', '2nd', 'fawad', 'ON'),
(194, 'nawaz', 'Muhammad', 'Nawaz', '19PWBCS0696@uetpeshawar.edu.pk', '19PWBCS0696', 'A', '2nd', 'nawaz', 'ON'),
(195, 'arif', 'Arif', 'Kamal', '19PWBCS0698@uetpeshawar.edu.pk', '19PWBCS0698', 'A', '2nd', 'arif', 'ON'),
(196, 'sarmad', 'Sarmad', 'Riaz', '19PWBCS0700@uetpeshawar.edu.pk', '19PWBCS0700', 'A', '2nd', 'sarmad', 'ON'),
(197, 'hafeez', 'Hafeez', 'Khan', '19PWBCS0702@uetpeshawar.edu.pk', '19PWBCS0702', 'A', '2nd', 'hafeez', 'ON'),
(198, 'samad', 'Abdul', 'Samad', '19PWBCS0706@uetpeshawar.edu.pk', '19PWBCS0706', 'A', '2nd', 'samad', 'ON'),
(199, 'maavia', 'Maavia', 'Imran', '19PWBCS0708@uetpeshawar.edu.pk', '19PWBCS0708', 'A', '2nd', 'maavia', 'ON'),
(200, 'asad', 'Asad', 'Baber', '19PWBCS0712@uetpeshawar.edu.pk', '19PWBCS0712', 'A', '2nd', 'asad', 'ON'),
(201, 'sameer', 'Sameer', 'Shahzad', '19PWBCS0713@uetpeshawar.edu.pk', '19PWBCS0713', 'A', '2nd', 'sameer', 'ON'),
(202, 'shafaq', 'Shafaq', 'Zeb', '19PWBCS0714@uetpeshawar.edu.pk', '19PWBCS0714', 'A', '2nd', 'shafaq', 'ON'),
(203, 'saifullah', 'Saif', 'Ullah', '19PWBCS0715@uetpeshawar.edu.pk', '19PWBCS0715', 'A', '2nd', 'saif', 'ON'),
(204, 'taimur', 'Raja', 'Taimur', '19PWBCS0717@uetpeshawar.edu.pk', '19PWBCS0717', 'A', '2nd', 'taimur', 'ON'),
(205, 'zia', 'Zia', 'Ur Rehman', '19PWBCS0719@uetpeshawar.edu.pk', '19PWBCS0719', 'A', '2nd', 'zia', 'ON'),
(206, 'muneeb', 'Syed ', 'Muhammad Muneeb', '19PWBCS0721@uetpeshawar.edu.pk', '19PWBCS0721', 'A', '2nd', 'muneeb', 'ON'),
(207, 'habib', 'Habib', 'Ullah', '19PWBCS0725@uetpeshawar.edu.pk', '19PWBCS0725', 'A', '2nd', 'habib', 'ON'),
(208, 'hammad', 'Hammad', 'Iqbal', '19PWBCS0727@uetpeshawar.edu.pk', '19PWBCS0727', 'A', '2nd', 'hammad', 'ON'),
(209, 'masroor', 'Masroor', 'Ahmad', '19PWBCS0729@uetpeshawar.edu.pk', '19PWBCS0729', 'A', '2nd', 'masroor', 'ON'),
(210, 'muqaddas', 'Muqaddas', 'Ishaq', '19PWBCS0723@uetpeshawar.edu.pk', '19PWBCS0723', 'A', '2nd', 'muqaddas', 'ON'),
(211, 'khushbakht', 'Kushbakht', 'Saghir', '19PWBCS0724@uetpeshawar.edu.pk', '19PWBCS0724', 'A', '2nd', 'khusbakht', 'ON'),
(212, 'abbas', 'Muhammad', 'Abbas', '19PWBCS0686@uetpeshawar.edu.pk', '19PWBCS0686', 'A', '2nd', 'abbas', 'ON'),
(213, 'rizwan', 'Rizwan', 'Ahmed', '19PWBCS0675@uetpeshawar.edu.pk', '19PWBCS0675', 'B', '2nd', 'rizwan', 'ON'),
(214, 'usman', 'Usman', 'Ahmed', '19PWBCS0677@uetpeshawar.edu.pk', '19PWBCS0677', 'B', '2nd', 'usman', 'ON'),
(215, 'hassan', 'Hassan', 'Khan', '19PWBCS0679@uetpeshawar.edu.pk', '19PWBCS0679', 'B', '2nd', 'hassan', 'ON'),
(216, 'zeeshan', 'Zeeshan', 'Haider', '19PWBCS0681@uetpeshawar.edu.pk', '19PWBCS0681', 'B', '2nd', 'zeeshan', 'ON'),
(217, 'nisar', 'Nisar', 'Ullah', '19PWBCS0683@uetpeshawar.edu.pk', '19PWBCS0683', 'B', '2nd', 'nisar', 'ON'),
(218, 'auliya', 'Auliya', 'Ur Rehman', '19PWBCS0685@uetpeshawar.edu.pk', '19PWBCS0685', 'B', '2nd', 'auliya', 'ON'),
(219, 'maaz', 'Muhammad', 'Maaz Khan', '19PWBCS0687@uetpeshawar.edu.pk', '19PWBCS0687', 'B', '2nd', 'maaz', 'ON'),
(220, 'hassan', 'Hassan', 'Waqar', '19PWBCS0689@uetpeshawar.edu.pk', '19PWBCS0689', 'B', '2nd', 'hassan', 'ON'),
(221, 'huzema', 'Huzema', 'Saif', '19PWBCS0691@uetpeshawar.edu.pk', '19PWBCS0691', 'B', '2nd', 'huzema', 'ON'),
(222, 'aqib', 'Muhammad', 'Aqib', '19PWBCS0695@uetpeshawar.edu.pk', '19PWBCS0695', 'B', '2nd', 'aqib', 'ON'),
(223, 'mazhar', 'Mazhar', 'Hussain', '19PWBCS0697@uetpeshawar.edu.pk', '19PWBCS0697', 'B', '2nd', 'mazhar', 'ON'),
(224, 'shahab', 'Shahab', 'Hussain', '19PWBCS0699@uetpeshawar.edu.pk', '19PWBCS0699', 'B', '2nd', 'shahab', 'ON'),
(225, 'bilal', 'Bilal', 'Ahmad', '19PWBCS0701@uetpeshawar.edu.pk', '19PWBCS0701', 'B', '2nd', 'bilal', 'ON'),
(226, 'ali', 'Ali', 'Zaman', '19PWBCS0703@uetpeshawar.edu.pk', '19PWBCS0703', 'B', '2nd', 'ali', 'ON'),
(227, 'wasim', 'Muhammad', 'Wasim', '19PWBCS0704@uetpeshawar.edu.pk', '19PWBCS0704', 'B', '2nd', 'wasim', 'ON'),
(228, 'omer', 'Omer', 'Ahmad', '19PWBCS0705@uetpeshawar.edu.pk', '19PWBCS0705', 'B', '2nd', 'omer', 'ON'),
(229, 'sajjad', 'Muhammad', 'Sajjad', '19PWBCS0707@uetpeshawar.edu.pk', '19PWBCS0707', 'B', '2nd', 'sajjad', 'ON'),
(230, 'arham', 'Muhammad', 'Arham Khan', '19PWBCS0709@uetpeshawar.edu.pk', '19PWBCS0709', 'B', '2nd', 'arham', 'ON'),
(231, 'osama', 'Osama', 'Noor Shah Din', '19PWBCS0690@uetpeshawar.edu.pk', '19PWBCS0690', 'B', '2nd', 'osama', 'ON'),
(232, 'salman', 'Salman', 'Jaffar', '19PWBCS0711@uetpeshawar.edu.pk', '19PWBCS0711', 'B', '2nd', 'salman', 'ON'),
(233, 'yasir', 'Yasir', 'Hameed', '19PWBCS0716@uetpeshawar.edu.pk', '19PWBCS0716', 'B', '2nd', 'yasir', 'ON'),
(234, 'atif', 'Atif', 'Ullah', '19PWBCS0718@uetpeshawar.edu.pk', '19PWBCS0718', 'B', '2nd', 'atif', 'ON'),
(235, 'mubashir', 'Muhammad', 'Mubashir', '19PWBCS0720@uetpeshawar.edu.pk', '19PWBCS0720', 'B', '2nd', 'mubashir', 'ON'),
(236, 'wasim', 'Wasim', 'Akbar', '19PWBCS0726@uetpeshawar.edu.pk', '19PWBCS0726', 'B', '2nd', 'wasim', 'ON'),
(237, 'tahseen', 'Muhammad', 'Tahseen', '19PWBCS0728@uetpeshawar.edu.pk', '19PWBCS0728', 'B', '2nd', 'tahseen', 'ON'),
(238, 'ezaan', 'Muhammad', 'Ezaan', '19PWBCS0722@uetpeshawar.edu.pk', '19PWBCS0722', 'B', '2nd', 'ezaan', 'ON'),
(239, 'usama', 'Usama', 'Khan', '19PWBCS0730@uetpeshawar.edu.pk', '19PWBCS0730', 'B', '2nd', 'usama', 'ON'),
(240, 'faizan', 'Muhammad', 'Faizan Omer', '19PWBCS0731@uetpeshawar.edu.pk', '19PWBCS0731', 'B', '2nd', 'faizan', 'ON');

-- --------------------------------------------------------

--
-- Table structure for table `teachers`
--

CREATE TABLE `teachers` (
  `t_id` int(11) NOT NULL,
  `username` varchar(40) NOT NULL,
  `fname` varchar(20) NOT NULL,
  `lname` varchar(20) NOT NULL,
  `email` varchar(30) NOT NULL,
  `password` varchar(50) NOT NULL,
  `status` varchar(10) NOT NULL
) ENGINE=InnoDB DEFAULT CHARSET=utf8mb4;

--
-- Dumping data for table `teachers`
--

INSERT INTO `teachers` (`t_id`, `username`, `fname`, `lname`, `email`, `password`, `status`) VALUES
(2, 'imrank', 'imran', 'khalil', 'imrankhalil@uetpeshawar.edu.pk', 'Test12345678', 'ON'),
(3, '', 'suhail', 'yousaf', 'sohail@uetpeshawar.edu.pk', 'sohail', 'ON'),
(4, '', 'iftikhar', 'ahmed', 'iftikhar@uetpeshawar.edu.pk', 'iftikhar', 'ON'),
(5, '', 'wajeeha', 'khalil', 'wajeehakhalil@uetpeshawar.edu.', 'wajeeha', 'ON'),
(6, '', 'sadeeq', 'jan', 'sadeeqjan@uetpeshawar.edu.pk', 'sadeeq', 'ON'),
(7, '', 'izhar', 'ullah', 'izharullah@uetpeshawar.edu.pk', 'izhar', 'ON'),
(8, '', 'ismat', 'ullah', 'ismatullah@uetpeshawar.edu.pk', 'ismat', 'ON'),
(9, '', 'zakira', 'inayat', 'zakirainayat@uetpeshawar.edu.p', 'zakira', 'ON'),
(10, '', 'dilawar', 'khan', 'dilawar@uetpeshawar.edu.pk', 'dilawar', 'ON'),
(11, '', 'imran', 'rasheed', 'imranrasheed@uetpeshawar.edu.p', 'imran', 'ON'),
(12, '', 'sadiq', 'rehman', 'sadiqrehman@uetpeshawar', 'sadiq', 'ON'),
(13, '', 'amir', 'taj', 'amirtaj@uetpeshawar.edu.pk', 'amir', 'ON'),
(14, '', 'aisha', 'javed', 'aishajaved@uetpeshawar.edu.pk', 'aisha', 'ON'),
(15, '', 'inayat', 'ullah', 'inayatullah@uetpeshawar.edu.pk', 'inayat', 'ON'),
(16, '', 'mujtaba', 'hassan', 'mujtaba@uetpeshawar.edu.pk', 'mujtaba', 'ON'),
(17, '', 'alauddin', 'khan', 'alauddin@uetpeshawar.edu.pk', 'uddin', 'ON');

--
-- Indexes for dumped tables
--

--
-- Indexes for table `admin`
--
ALTER TABLE `admin`
  ADD PRIMARY KEY (`id`);

--
-- Indexes for table `assigned_courses`
--
ALTER TABLE `assigned_courses`
  ADD PRIMARY KEY (`a_id`);

--
-- Indexes for table `attendance`
--
ALTER TABLE `attendance`
  ADD PRIMARY KEY (`at_id`);

--
-- Indexes for table `chairman`
--
ALTER TABLE `chairman`
  ADD PRIMARY KEY (`id`);

--
-- Indexes for table `complaint`
--
ALTER TABLE `complaint`
  ADD PRIMARY KEY (`id`);

--
-- Indexes for table `copyright`
--
ALTER TABLE `copyright`
  ADD PRIMARY KEY (`id`);

--
-- Indexes for table `courses`
--
ALTER TABLE `courses`
  ADD PRIMARY KEY (`c_id`);

--
-- Indexes for table `internal_marks`
--
ALTER TABLE `internal_marks`
  ADD PRIMARY KEY (`m_id`);

--
-- Indexes for table `post`
--
ALTER TABLE `post`
  ADD PRIMARY KEY (`id`);

--
-- Indexes for table `students`
--
ALTER TABLE `students`
  ADD PRIMARY KEY (`std_id`);

--
-- Indexes for table `teachers`
--
ALTER TABLE `teachers`
  ADD PRIMARY KEY (`t_id`);

--
-- AUTO_INCREMENT for dumped tables
--

--
-- AUTO_INCREMENT for table `admin`
--
ALTER TABLE `admin`
  MODIFY `id` int(11) NOT NULL AUTO_INCREMENT, AUTO_INCREMENT=2;

--
-- AUTO_INCREMENT for table `assigned_courses`
--
ALTER TABLE `assigned_courses`
  MODIFY `a_id` int(11) NOT NULL AUTO_INCREMENT, AUTO_INCREMENT=9;

--
-- AUTO_INCREMENT for table `attendance`
--
ALTER TABLE `attendance`
  MODIFY `at_id` int(11) NOT NULL AUTO_INCREMENT, AUTO_INCREMENT=657;

--
-- AUTO_INCREMENT for table `chairman`
--
ALTER TABLE `chairman`
  MODIFY `id` int(11) NOT NULL AUTO_INCREMENT, AUTO_INCREMENT=2;

--
-- AUTO_INCREMENT for table `complaint`
--
ALTER TABLE `complaint`
  MODIFY `id` int(11) NOT NULL AUTO_INCREMENT, AUTO_INCREMENT=13;

--
-- AUTO_INCREMENT for table `copyright`
--
ALTER TABLE `copyright`
  MODIFY `id` int(11) NOT NULL AUTO_INCREMENT, AUTO_INCREMENT=2;

--
-- AUTO_INCREMENT for table `courses`
--
ALTER TABLE `courses`
  MODIFY `c_id` int(11) NOT NULL AUTO_INCREMENT, AUTO_INCREMENT=40;

--
-- AUTO_INCREMENT for table `internal_marks`
--
ALTER TABLE `internal_marks`
  MODIFY `m_id` int(11) NOT NULL AUTO_INCREMENT, AUTO_INCREMENT=65;

--
-- AUTO_INCREMENT for table `post`
--
ALTER TABLE `post`
  MODIFY `id` int(11) NOT NULL AUTO_INCREMENT, AUTO_INCREMENT=2;

--
-- AUTO_INCREMENT for table `students`
--
ALTER TABLE `students`
  MODIFY `std_id` int(11) NOT NULL AUTO_INCREMENT, AUTO_INCREMENT=241;

--
-- AUTO_INCREMENT for table `teachers`
--
ALTER TABLE `teachers`
  MODIFY `t_id` int(11) NOT NULL AUTO_INCREMENT, AUTO_INCREMENT=20;
COMMIT;

/*!40101 SET CHARACTER_SET_CLIENT=@OLD_CHARACTER_SET_CLIENT */;
/*!40101 SET CHARACTER_SET_RESULTS=@OLD_CHARACTER_SET_RESULTS */;
/*!40101 SET COLLATION_CONNECTION=@OLD_COLLATION_CONNECTION */;
